target,source_line,opcode,executed_warp_instructions,runtime_base_address,mapped_instruction_addresses,unmapped_instruction_addresses
rank8,3534,LDG,4194304,0x7b82e268f700,240,0
rank8,3533,LDG,4194304,0x7b82e268f700,240,0
rank8,688,HADD2,4194304,0x7b82e268f700,240,0
rank8,3532,FFMA,4194304,0x7b82e268f700,240,0
rank8,3531,IADD3,1245184,0x7b82e268f700,240,0
rank8,3531,IMAD,983040,0x7b82e268f700,240,0
rank8,3531,BRA,655360,0x7b82e268f700,240,0
rank8,3531,ISETP,589824,0x7b82e268f700,240,0
rank8,3531,LEA,327680,0x7b82e268f700,240,0
rank8,440,SHFL,327680,0x7b82e268f700,240,0
rank8,3540,FADD,327680,0x7b82e268f700,240,0
rank8,3531,BSYNC,262144,0x7b82e268f700,240,0
rank8,3531,LOP3,196608,0x7b82e268f700,240,0
rank8,3531,BSSY,196608,0x7b82e268f700,240,0
rank8,3524,S2R,131072,0x7b82e268f700,240,0
rank8,3531,HFMA2,131072,0x7b82e268f700,240,0
rank8,3523,SHF,131072,0x7b82e268f700,240,0
rank8,3531,PLOP3,131072,0x7b82e268f700,240,0
rank8,3543,LEA,131072,0x7b82e268f700,240,0
rank8,3512,IMAD,65536,0x7b82e268f700,240,0
rank8,3520,S2R,65536,0x7b82e268f700,240,0
rank8,3521,ISETP,65536,0x7b82e268f700,240,0
rank8,3521,EXIT,65536,0x7b82e268f700,240,0
rank8,3523,S2R,65536,0x7b82e268f700,240,0
rank8,3523,ULDC,65536,0x7b82e268f700,240,0
rank8,3523,BSSY,65536,0x7b82e268f700,240,0
rank8,3525,LOP3,65536,0x7b82e268f700,240,0
rank8,3524,IMAD,65536,0x7b82e268f700,240,0
rank8,3520,SHF,65536,0x7b82e268f700,240,0
rank8,3531,MOV,65536,0x7b82e268f700,240,0
rank8,3542,ISETP,65536,0x7b82e268f700,240,0
rank8,3542,EXIT,65536,0x7b82e268f700,240,0
rank8,546,F2FP,65536,0x7b82e268f700,240,0
rank8,3524,LEA,65536,0x7b82e268f700,240,0
rank8,3543,SHF,65536,0x7b82e268f700,240,0
rank8,3543,IMAD,65536,0x7b82e268f700,240,0
rank8,3543,STG,65536,0x7b82e268f700,240,0
rank8,3546,EXIT,65536,0x7b82e268f700,240,0
rank8,3534,IMAD,0,0x7b82e268f700,240,0
rank8,3534,MOV,0,0x7b82e268f700,240,0
rank8,3533,IMAD,0,0x7b82e268f700,240,0
rank8,3546,BRA,0,0x7b82e268f700,240,0
rank8,3546,NOP,0,0x7b82e268f700,240,0
