target,kernel,block,grid,metric,value,unit
attention,kernel_unified_attention_3d_ptr,"(64, 1, 1)","(1, 8, 16)",gpu__time_duration.sum,1.050720,ms
attention,kernel_unified_attention_3d_ptr,"(64, 1, 1)","(1, 8, 16)",gpu__compute_memory_throughput.avg.pct_of_peak_sustained_elapsed,11.867781,%
attention,kernel_unified_attention_3d_ptr,"(64, 1, 1)","(1, 8, 16)",gpu__dram_throughput.avg.pct_of_peak_sustained_elapsed,10.725583,%
attention,kernel_unified_attention_3d_ptr,"(64, 1, 1)","(1, 8, 16)",dram__bytes.sum.per_second,262.422050,Gbyte/s
attention,kernel_unified_attention_3d_ptr,"(64, 1, 1)","(1, 8, 16)",lts__throughput.avg.pct_of_peak_sustained_elapsed,21.188437,%
attention,kernel_unified_attention_3d_ptr,"(64, 1, 1)","(1, 8, 16)",sm__throughput.avg.pct_of_peak_sustained_elapsed,10.928889,%
attention,kernel_unified_attention_3d_ptr,"(64, 1, 1)","(1, 8, 16)",launch__registers_per_thread,124,register/thread
attention,kernel_unified_attention_3d_ptr,"(64, 1, 1)","(1, 8, 16)",launch__shared_mem_per_block_static,0,byte/block
attention,kernel_unified_attention_3d_ptr,"(64, 1, 1)","(1, 8, 16)",launch__shared_mem_per_block_dynamic,6.144000,Kbyte/block
attention,kernel_unified_attention_3d_ptr,"(64, 1, 1)","(1, 8, 16)",launch__waves_per_multiprocessor,0.13,
attention,kernel_unified_attention_3d_ptr,"(64, 1, 1)","(1, 8, 16)",sm__warps_active.avg.pct_of_peak_sustained_active,3.232128,%
attention,kernel_unified_attention_3d_ptr,"(64, 1, 1)","(1, 8, 16)",smsp__warps_eligible.avg.per_cycle_active,0.232724,warp
attention,kernel_unified_attention_3d_ptr,"(64, 1, 1)","(1, 8, 16)",smsp__warps_active.avg.per_cycle_active,1.012761,warp
attention,kernel_unified_attention_3d_ptr,"(64, 1, 1)","(1, 8, 16)",smsp__issue_active.avg.per_cycle_active,0.23,
attention,kernel_unified_attention_3d_ptr,"(64, 1, 1)","(1, 8, 16)",smsp__average_warp_latency_per_inst_issued.ratio,4.376421,cycle
attention,kernel_unified_attention_3d_ptr,"(64, 1, 1)","(1, 8, 16)",derived__local_spilling_requests,0,
attention,kernel_unified_attention_3d_ptr,"(64, 1, 1)","(1, 8, 16)",derived__shared_spilling_requests,0,
p32-main,"void <unnamed>::p32_window_ampere_m1_kernel<6, 1, 128, 16, 2, 0, 0, 0, 1>(const __half *, const unsigned int *, const __half *, const unsigned char *, float *, float *, int, int, int, const unsigned char *)","(128, 1, 1)","(8, 1, 1)",gpu__time_duration.sum,559.808000,us
p32-main,"void <unnamed>::p32_window_ampere_m1_kernel<6, 1, 128, 16, 2, 0, 0, 0, 1>(const __half *, const unsigned int *, const __half *, const unsigned char *, float *, float *, int, int, int, const unsigned char *)","(128, 1, 1)","(8, 1, 1)",gpu__compute_memory_throughput.avg.pct_of_peak_sustained_elapsed,2.599895,%
p32-main,"void <unnamed>::p32_window_ampere_m1_kernel<6, 1, 128, 16, 2, 0, 0, 0, 1>(const __half *, const unsigned int *, const __half *, const unsigned char *, float *, float *, int, int, int, const unsigned char *)","(128, 1, 1)","(8, 1, 1)",gpu__dram_throughput.avg.pct_of_peak_sustained_elapsed,0.000009,%
p32-main,"void <unnamed>::p32_window_ampere_m1_kernel<6, 1, 128, 16, 2, 0, 0, 0, 1>(const __half *, const unsigned int *, const __half *, const unsigned char *, float *, float *, int, int, int, const unsigned char *)","(128, 1, 1)","(8, 1, 1)",dram__bytes.sum.per_second,228.649823,Kbyte/s
p32-main,"void <unnamed>::p32_window_ampere_m1_kernel<6, 1, 128, 16, 2, 0, 0, 0, 1>(const __half *, const unsigned int *, const __half *, const unsigned char *, float *, float *, int, int, int, const unsigned char *)","(128, 1, 1)","(8, 1, 1)",lts__throughput.avg.pct_of_peak_sustained_elapsed,0.168297,%
p32-main,"void <unnamed>::p32_window_ampere_m1_kernel<6, 1, 128, 16, 2, 0, 0, 0, 1>(const __half *, const unsigned int *, const __half *, const unsigned char *, float *, float *, int, int, int, const unsigned char *)","(128, 1, 1)","(8, 1, 1)",sm__throughput.avg.pct_of_peak_sustained_elapsed,2.194221,%
p32-main,"void <unnamed>::p32_window_ampere_m1_kernel<6, 1, 128, 16, 2, 0, 0, 0, 1>(const __half *, const unsigned int *, const __half *, const unsigned char *, float *, float *, int, int, int, const unsigned char *)","(128, 1, 1)","(8, 1, 1)",launch__registers_per_thread,64,register/thread
p32-main,"void <unnamed>::p32_window_ampere_m1_kernel<6, 1, 128, 16, 2, 0, 0, 0, 1>(const __half *, const unsigned int *, const __half *, const unsigned char *, float *, float *, int, int, int, const unsigned char *)","(128, 1, 1)","(8, 1, 1)",launch__shared_mem_per_block_static,6.848000,Kbyte/block
p32-main,"void <unnamed>::p32_window_ampere_m1_kernel<6, 1, 128, 16, 2, 0, 0, 0, 1>(const __half *, const unsigned int *, const __half *, const unsigned char *, float *, float *, int, int, int, const unsigned char *)","(128, 1, 1)","(8, 1, 1)",launch__shared_mem_per_block_dynamic,0,byte/block
p32-main,"void <unnamed>::p32_window_ampere_m1_kernel<6, 1, 128, 16, 2, 0, 0, 0, 1>(const __half *, const unsigned int *, const __half *, const unsigned char *, float *, float *, int, int, int, const unsigned char *)","(128, 1, 1)","(8, 1, 1)",launch__waves_per_multiprocessor,0.01,
p32-main,"void <unnamed>::p32_window_ampere_m1_kernel<6, 1, 128, 16, 2, 0, 0, 0, 1>(const __half *, const unsigned int *, const __half *, const unsigned char *, float *, float *, int, int, int, const unsigned char *)","(128, 1, 1)","(8, 1, 1)",sm__warps_active.avg.pct_of_peak_sustained_active,6.249955,%
p32-main,"void <unnamed>::p32_window_ampere_m1_kernel<6, 1, 128, 16, 2, 0, 0, 0, 1>(const __half *, const unsigned int *, const __half *, const unsigned char *, float *, float *, int, int, int, const unsigned char *)","(128, 1, 1)","(8, 1, 1)",smsp__warps_eligible.avg.per_cycle_active,0.341614,warp
p32-main,"void <unnamed>::p32_window_ampere_m1_kernel<6, 1, 128, 16, 2, 0, 0, 0, 1>(const __half *, const unsigned int *, const __half *, const unsigned char *, float *, float *, int, int, int, const unsigned char *)","(128, 1, 1)","(8, 1, 1)",smsp__warps_active.avg.per_cycle_active,1.000000,warp
p32-main,"void <unnamed>::p32_window_ampere_m1_kernel<6, 1, 128, 16, 2, 0, 0, 0, 1>(const __half *, const unsigned int *, const __half *, const unsigned char *, float *, float *, int, int, int, const unsigned char *)","(128, 1, 1)","(8, 1, 1)",smsp__issue_active.avg.per_cycle_active,0.34,
p32-main,"void <unnamed>::p32_window_ampere_m1_kernel<6, 1, 128, 16, 2, 0, 0, 0, 1>(const __half *, const unsigned int *, const __half *, const unsigned char *, float *, float *, int, int, int, const unsigned char *)","(128, 1, 1)","(8, 1, 1)",smsp__average_warp_latency_per_inst_issued.ratio,2.927285,cycle
p32-main,"void <unnamed>::p32_window_ampere_m1_kernel<6, 1, 128, 16, 2, 0, 0, 0, 1>(const __half *, const unsigned int *, const __half *, const unsigned char *, float *, float *, int, int, int, const unsigned char *)","(128, 1, 1)","(8, 1, 1)",derived__local_spilling_requests,0,
p32-main,"void <unnamed>::p32_window_ampere_m1_kernel<6, 1, 128, 16, 2, 0, 0, 0, 1>(const __half *, const unsigned int *, const __half *, const unsigned char *, float *, float *, int, int, int, const unsigned char *)","(128, 1, 1)","(8, 1, 1)",derived__shared_spilling_requests,0,
p32-minor,"void <unnamed>::p32_window_ampere_m1_kernel<5, 1, 128, 16, 2, 512, 32, 2048, 0>(const __half *, const unsigned int *, const __half *, const unsigned char *, float *, float *, int, int, int, const unsigned char *)","(128, 1, 1)","(2, 1, 32)",gpu__time_duration.sum,10.016000,us
p32-minor,"void <unnamed>::p32_window_ampere_m1_kernel<5, 1, 128, 16, 2, 512, 32, 2048, 0>(const __half *, const unsigned int *, const __half *, const unsigned char *, float *, float *, int, int, int, const unsigned char *)","(128, 1, 1)","(2, 1, 32)",gpu__compute_memory_throughput.avg.pct_of_peak_sustained_elapsed,9.529987,%
p32-minor,"void <unnamed>::p32_window_ampere_m1_kernel<5, 1, 128, 16, 2, 512, 32, 2048, 0>(const __half *, const unsigned int *, const __half *, const unsigned char *, float *, float *, int, int, int, const unsigned char *)","(128, 1, 1)","(2, 1, 32)",gpu__dram_throughput.avg.pct_of_peak_sustained_elapsed,0.000525,%
p32-minor,"void <unnamed>::p32_window_ampere_m1_kernel<5, 1, 128, 16, 2, 512, 32, 2048, 0>(const __half *, const unsigned int *, const __half *, const unsigned char *, float *, float *, int, int, int, const unsigned char *)","(128, 1, 1)","(2, 1, 32)",dram__bytes.sum.per_second,12.779553,Mbyte/s
p32-minor,"void <unnamed>::p32_window_ampere_m1_kernel<5, 1, 128, 16, 2, 512, 32, 2048, 0>(const __half *, const unsigned int *, const __half *, const unsigned char *, float *, float *, int, int, int, const unsigned char *)","(128, 1, 1)","(2, 1, 32)",lts__throughput.avg.pct_of_peak_sustained_elapsed,0.853678,%
p32-minor,"void <unnamed>::p32_window_ampere_m1_kernel<5, 1, 128, 16, 2, 512, 32, 2048, 0>(const __half *, const unsigned int *, const __half *, const unsigned char *, float *, float *, int, int, int, const unsigned char *)","(128, 1, 1)","(2, 1, 32)",sm__throughput.avg.pct_of_peak_sustained_elapsed,9.227760,%
p32-minor,"void <unnamed>::p32_window_ampere_m1_kernel<5, 1, 128, 16, 2, 512, 32, 2048, 0>(const __half *, const unsigned int *, const __half *, const unsigned char *, float *, float *, int, int, int, const unsigned char *)","(128, 1, 1)","(2, 1, 32)",launch__registers_per_thread,64,register/thread
p32-minor,"void <unnamed>::p32_window_ampere_m1_kernel<5, 1, 128, 16, 2, 512, 32, 2048, 0>(const __half *, const unsigned int *, const __half *, const unsigned char *, float *, float *, int, int, int, const unsigned char *)","(128, 1, 1)","(2, 1, 32)",launch__shared_mem_per_block_static,5.312000,Kbyte/block
p32-minor,"void <unnamed>::p32_window_ampere_m1_kernel<5, 1, 128, 16, 2, 512, 32, 2048, 0>(const __half *, const unsigned int *, const __half *, const unsigned char *, float *, float *, int, int, int, const unsigned char *)","(128, 1, 1)","(2, 1, 32)",launch__shared_mem_per_block_dynamic,0,byte/block
p32-minor,"void <unnamed>::p32_window_ampere_m1_kernel<5, 1, 128, 16, 2, 512, 32, 2048, 0>(const __half *, const unsigned int *, const __half *, const unsigned char *, float *, float *, int, int, int, const unsigned char *)","(128, 1, 1)","(2, 1, 32)",launch__waves_per_multiprocessor,0.06,
p32-minor,"void <unnamed>::p32_window_ampere_m1_kernel<5, 1, 128, 16, 2, 512, 32, 2048, 0>(const __half *, const unsigned int *, const __half *, const unsigned char *, float *, float *, int, int, int, const unsigned char *)","(128, 1, 1)","(2, 1, 32)",sm__warps_active.avg.pct_of_peak_sustained_active,6.246786,%
p32-minor,"void <unnamed>::p32_window_ampere_m1_kernel<5, 1, 128, 16, 2, 512, 32, 2048, 0>(const __half *, const unsigned int *, const __half *, const unsigned char *, float *, float *, int, int, int, const unsigned char *)","(128, 1, 1)","(2, 1, 32)",smsp__warps_eligible.avg.per_cycle_active,0.223202,warp
p32-minor,"void <unnamed>::p32_window_ampere_m1_kernel<5, 1, 128, 16, 2, 512, 32, 2048, 0>(const __half *, const unsigned int *, const __half *, const unsigned char *, float *, float *, int, int, int, const unsigned char *)","(128, 1, 1)","(2, 1, 32)",smsp__warps_active.avg.per_cycle_active,1.000000,warp
p32-minor,"void <unnamed>::p32_window_ampere_m1_kernel<5, 1, 128, 16, 2, 512, 32, 2048, 0>(const __half *, const unsigned int *, const __half *, const unsigned char *, float *, float *, int, int, int, const unsigned char *)","(128, 1, 1)","(2, 1, 32)",smsp__issue_active.avg.per_cycle_active,0.22,
p32-minor,"void <unnamed>::p32_window_ampere_m1_kernel<5, 1, 128, 16, 2, 512, 32, 2048, 0>(const __half *, const unsigned int *, const __half *, const unsigned char *, float *, float *, int, int, int, const unsigned char *)","(128, 1, 1)","(2, 1, 32)",smsp__average_warp_latency_per_inst_issued.ratio,4.480254,cycle
p32-minor,"void <unnamed>::p32_window_ampere_m1_kernel<5, 1, 128, 16, 2, 512, 32, 2048, 0>(const __half *, const unsigned int *, const __half *, const unsigned char *, float *, float *, int, int, int, const unsigned char *)","(128, 1, 1)","(2, 1, 32)",derived__local_spilling_requests,0,
p32-minor,"void <unnamed>::p32_window_ampere_m1_kernel<5, 1, 128, 16, 2, 512, 32, 2048, 0>(const __half *, const unsigned int *, const __half *, const unsigned char *, float *, float *, int, int, int, const unsigned char *)","(128, 1, 1)","(2, 1, 32)",derived__shared_spilling_requests,0,
rank8,"void <unnamed>::p32_rank8_project_kernel<8>(const float *, const __half *, __half *, int, int)","(256, 1, 1)","(1, 8192, 1)",gpu__time_duration.sum,150.368000,us
rank8,"void <unnamed>::p32_rank8_project_kernel<8>(const float *, const __half *, __half *, int, int)","(256, 1, 1)","(1, 8192, 1)",gpu__compute_memory_throughput.avg.pct_of_peak_sustained_elapsed,95.141243,%
rank8,"void <unnamed>::p32_rank8_project_kernel<8>(const float *, const __half *, __half *, int, int)","(256, 1, 1)","(1, 8192, 1)",gpu__dram_throughput.avg.pct_of_peak_sustained_elapsed,22.258909,%
rank8,"void <unnamed>::p32_rank8_project_kernel<8>(const float *, const __half *, __half *, int, int)","(256, 1, 1)","(1, 8192, 1)",dram__bytes.sum.per_second,,
rank8,"void <unnamed>::p32_rank8_project_kernel<8>(const float *, const __half *, __half *, int, int)","(256, 1, 1)","(1, 8192, 1)",lts__throughput.avg.pct_of_peak_sustained_elapsed,19.234153,%
rank8,"void <unnamed>::p32_rank8_project_kernel<8>(const float *, const __half *, __half *, int, int)","(256, 1, 1)","(1, 8192, 1)",sm__throughput.avg.pct_of_peak_sustained_elapsed,39.151321,%
rank8,"void <unnamed>::p32_rank8_project_kernel<8>(const float *, const __half *, __half *, int, int)","(256, 1, 1)","(1, 8192, 1)",launch__registers_per_thread,31,register/thread
rank8,"void <unnamed>::p32_rank8_project_kernel<8>(const float *, const __half *, __half *, int, int)","(256, 1, 1)","(1, 8192, 1)",launch__shared_mem_per_block_static,0,byte/block
rank8,"void <unnamed>::p32_rank8_project_kernel<8>(const float *, const __half *, __half *, int, int)","(256, 1, 1)","(1, 8192, 1)",launch__shared_mem_per_block_dynamic,0,byte/block
rank8,"void <unnamed>::p32_rank8_project_kernel<8>(const float *, const __half *, __half *, int, int)","(256, 1, 1)","(1, 8192, 1)",launch__waves_per_multiprocessor,8.26,
rank8,"void <unnamed>::p32_rank8_project_kernel<8>(const float *, const __half *, __half *, int, int)","(256, 1, 1)","(1, 8192, 1)",sm__warps_active.avg.pct_of_peak_sustained_active,93.876852,%
rank8,"void <unnamed>::p32_rank8_project_kernel<8>(const float *, const __half *, __half *, int, int)","(256, 1, 1)","(1, 8192, 1)",smsp__warps_eligible.avg.per_cycle_active,1.473144,warp
rank8,"void <unnamed>::p32_rank8_project_kernel<8>(const float *, const __half *, __half *, int, int)","(256, 1, 1)","(1, 8192, 1)",smsp__warps_active.avg.per_cycle_active,15.005689,warp
rank8,"void <unnamed>::p32_rank8_project_kernel<8>(const float *, const __half *, __half *, int, int)","(256, 1, 1)","(1, 8192, 1)",smsp__issue_active.avg.per_cycle_active,0.27,
rank8,"void <unnamed>::p32_rank8_project_kernel<8>(const float *, const __half *, __half *, int, int)","(256, 1, 1)","(1, 8192, 1)",smsp__average_warp_latency_per_inst_issued.ratio,55.202422,cycle
rank8,"void <unnamed>::p32_rank8_project_kernel<8>(const float *, const __half *, __half *, int, int)","(256, 1, 1)","(1, 8192, 1)",derived__local_spilling_requests,,
rank8,"void <unnamed>::p32_rank8_project_kernel<8>(const float *, const __half *, __half *, int, int)","(256, 1, 1)","(1, 8192, 1)",derived__shared_spilling_requests,,
