kind,name,count_two_samples,total_ms_two_samples,mean_ms_per_sample,share_total_gpu_activity_pct
kernel,kernel_unified_attention_3d_ptr,32,29.551210,14.775605,40.891922
kernel,"void <unnamed>::p32_window_ampere_m1_kernel<(int)6, (int)1, (int)128, (int)16, (int)2, (int)0, (int)0, (int)0, (bool)1>(const __half *, const unsigned int *, const __half *, const unsigned char *, float *, float *, int, int, int, const unsigned char *)",32,16.989992,8.494996,23.510151
memcpy,CUDA memcpy Device-to-Device,66,15.867557,7.933778,21.956965
kernel,"void <unnamed>::p32_rank8_project_kernel<(int)8>(const float *, const __half *, __half *, int, int)",160,1.435613,0.717807,1.986551
kernel,gemm_fusion_dot_10386,32,0.757728,0.378864,1.048517
kernel,"void <unnamed>::p32_window_ampere_m1_kernel<(int)6, (int)1, (int)128, (int)16, (int)2, (int)8192, (int)32, (int)2048, (bool)0>(const __half *, const unsigned int *, const __half *, const unsigned char *, float *, float *, int, int, int, const unsigned char *)",32,0.679104,0.339552,0.939720
kernel,gemm_fusion_dot_10402,2,0.467616,0.233808,0.647071
kernel,"void <unnamed>::p32_rank8_epilogue_kernel<(int)8>(const float *, const __half *, const float *, float *, int, int)",160,0.343866,0.171933,0.475830
kernel,input_concatenate_fusion_974,192,0.301276,0.150638,0.416895
kernel,input_concatenate_fusion_977,192,0.300282,0.150141,0.415520
kernel,input_concatenate_fusion_976,192,0.299231,0.149616,0.414065
kernel,"void <unnamed>::p32_window_ampere_m1_kernel<(int)4, (int)1, (int)128, (int)16, (int)2, (int)2048, (int)32, (int)2048, (bool)0>(const __half *, const unsigned int *, const __half *, const unsigned char *, float *, float *, int, int, int, const unsigned char *)",32,0.295552,0.147776,0.408974
kernel,input_concatenate_fusion_975,192,0.293403,0.146702,0.406001
kernel,"void <unnamed>::p32_window_ampere_m1_kernel<(int)5, (int)1, (int)128, (int)16, (int)2, (int)512, (int)32, (int)2048, (bool)0>(const __half *, const unsigned int *, const __half *, const unsigned char *, float *, float *, int, int, int, const unsigned char *)",32,0.260512,0.130256,0.360487
kernel,"void <unnamed>::p32_window_ampere_m1_kernel<(int)7, (int)1, (int)128, (int)16, (int)2, (int)512, (int)32, (int)2048, (bool)0>(const __half *, const unsigned int *, const __half *, const unsigned char *, float *, float *, int, int, int, const unsigned char *)",32,0.256288,0.128144,0.354642
kernel,input_concatenate_fusion_973,160,0.249145,0.124573,0.344758
kernel,input_reduce_fusion_34,32,0.196897,0.098448,0.272459
kernel,input_concatenate_fusion_1118,128,0.196896,0.098448,0.272458
kernel,input_concatenate_fusion_978,96,0.193918,0.096959,0.268337
kernel,input_concatenate_fusion_972,128,0.191313,0.095657,0.264732
kernel,input_concatenate_fusion_1023,32,0.168895,0.084447,0.233711
kernel,wrapped_convert,64,0.128606,0.064303,0.177960
kernel,loop_add_fusion_63,64,0.123838,0.061919,0.171363
kernel,wrapped_convert_2,64,0.122781,0.061391,0.169900
kernel,reduce_segments_ptr,32,0.109888,0.054944,0.152059
kernel,input_concatenate_fusion_970,64,0.100222,0.050111,0.138684
kernel,input_concatenate_fusion_969,64,0.099966,0.049983,0.138329
kernel,input_concatenate_fusion_984,64,0.098590,0.049295,0.136425
kernel,input_concatenate_fusion_971,64,0.096860,0.048430,0.134031
kernel,input_concatenate_fusion_968,64,0.093120,0.046560,0.128856
kernel,wrapped_convert_3,64,0.091902,0.045951,0.127171
kernel,wrapped_convert_1,64,0.091488,0.045744,0.126598
kernel,input_concatenate_fusion_1007,32,0.089568,0.044784,0.123941
kernel,input_concatenate_fusion_930,32,0.078144,0.039072,0.108133
kernel,wrapped_convert_6,32,0.071870,0.035935,0.099451
kernel,loop_add_fusion_15,32,0.068544,0.034272,0.094849
kernel,input_concatenate_fusion_955,32,0.063103,0.031552,0.087320
kernel,input_reduce_fusion_32,32,0.061887,0.030943,0.085637
kernel,loop_add_fusion_31,32,0.061407,0.030704,0.084973
kernel,input_reduce_fusion_33,34,0.055168,0.027584,0.076340
kernel,input_concatenate_fusion_938,32,0.054592,0.027296,0.075542
kernel,input_concatenate_fusion_943,32,0.054560,0.027280,0.075498
kernel,input_concatenate_fusion_937,32,0.054462,0.027231,0.075363
kernel,loop_multiply_fusion_16,32,0.052128,0.026064,0.072133
kernel,input_concatenate_fusion_944,32,0.052029,0.026014,0.071996
kernel,input_concatenate_fusion_941,32,0.051934,0.025967,0.071864
kernel,input_concatenate_fusion_947,32,0.051903,0.025951,0.071822
kernel,input_concatenate_fusion_940,32,0.051872,0.025936,0.071779
kernel,input_concatenate_fusion_942,32,0.051840,0.025920,0.071734
kernel,input_concatenate_fusion_946,32,0.051775,0.025888,0.071644
kernel,input_concatenate_fusion_948,32,0.051775,0.025888,0.071644
kernel,input_concatenate_fusion_939,32,0.050496,0.025248,0.069875
kernel,input_concatenate_fusion_945,32,0.050207,0.025104,0.069475
kernel,wrapped_convert_7,32,0.049023,0.024511,0.067836
kernel,input_concatenate_fusion_936,32,0.048094,0.024047,0.066551
kernel,input_concatenate_fusion_1039,32,0.047935,0.023967,0.066331
memcpy,CUDA memcpy Host-to-Device,14,0.036320,0.018160,0.050258
kernel,loop_dynamic_update_slice_fusion_30,2,0.010080,0.005040,0.013948
kernel,loop_dynamic_update_slice_fusion_16,2,0.009216,0.004608,0.012753
kernel,loop_dynamic_update_slice_fusion_26,2,0.009056,0.004528,0.012531
kernel,loop_dynamic_update_slice_fusion_28,2,0.009056,0.004528,0.012531
kernel,loop_dynamic_update_slice_fusion_20,2,0.008992,0.004496,0.012443
kernel,loop_dynamic_update_slice_fusion_2,2,0.008960,0.004480,0.012399
kernel,loop_dynamic_update_slice_fusion_22,2,0.008928,0.004464,0.012354
kernel,loop_dynamic_update_slice_fusion_14,2,0.008864,0.004432,0.012266
kernel,loop_dynamic_update_slice_fusion_4,2,0.008864,0.004432,0.012266
kernel,loop_dynamic_update_slice_fusion_8,2,0.008864,0.004432,0.012266
kernel,loop_dynamic_update_slice_fusion_18,2,0.008800,0.004400,0.012177
kernel,loop_dynamic_update_slice_fusion_6,2,0.008800,0.004400,0.012177
kernel,loop_dynamic_update_slice_fusion_24,2,0.008768,0.004384,0.012133
kernel,loop_dynamic_update_slice_fusion,2,0.008736,0.004368,0.012089
kernel,loop_dynamic_update_slice_fusion_10,2,0.008704,0.004352,0.012044
kernel,loop_dynamic_update_slice_fusion_12,2,0.008672,0.004336,0.012000
kernel,input_reduce_fusion,2,0.005088,0.002544,0.007041
kernel,loop_dynamic_slice_fusion_16,2,0.005088,0.002544,0.007041
memcpy,CUDA memcpy Device-to-Host,2,0.004832,0.002416,0.006686
kernel,loop_dynamic_slice_fusion_1,2,0.004544,0.002272,0.006288
kernel,input_reduce_fusion_50,2,0.004416,0.002208,0.006111
kernel,loop_dynamic_slice_fusion_8,2,0.004352,0.002176,0.006022
kernel,input_concatenate_fusion_832,2,0.004288,0.002144,0.005934
kernel,loop_dynamic_slice_fusion_4,2,0.004256,0.002128,0.005889
kernel,loop_dynamic_slice_fusion_7,2,0.004256,0.002128,0.005889
kernel,loop_dynamic_slice_fusion,2,0.004224,0.002112,0.005845
kernel,loop_dynamic_slice_fusion_14,2,0.004224,0.002112,0.005845
kernel,loop_dynamic_slice_fusion_5,2,0.004224,0.002112,0.005845
kernel,input_concatenate_fusion_1040,2,0.004160,0.002080,0.005756
kernel,input_concatenate_fusion_956,2,0.004160,0.002080,0.005756
kernel,loop_dynamic_slice_fusion_10,2,0.004160,0.002080,0.005756
kernel,loop_dynamic_slice_fusion_11,2,0.004160,0.002080,0.005756
kernel,loop_dynamic_slice_fusion_13,2,0.004160,0.002080,0.005756
kernel,loop_dynamic_slice_fusion_2,2,0.004160,0.002080,0.005756
kernel,loop_dynamic_slice_fusion_6,2,0.004160,0.002080,0.005756
kernel,loop_dynamic_slice_fusion_3,2,0.004128,0.002064,0.005712
kernel,loop_dynamic_slice_fusion_9,2,0.004128,0.002064,0.005712
kernel,loop_dynamic_slice_fusion_12,2,0.004064,0.002032,0.005624
kernel,input_concatenate_fusion_150,2,0.004032,0.002016,0.005579
kernel,input_concatenate_fusion_88,2,0.004000,0.002000,0.005535
kernel,input_concatenate_fusion_26,2,0.003968,0.001984,0.005491
kernel,input_concatenate_fusion_770,2,0.003968,0.001984,0.005491
kernel,input_concatenate_fusion_336,2,0.003936,0.001968,0.005446
kernel,input_concatenate_fusion_584,2,0.003936,0.001968,0.005446
kernel,input_concatenate_fusion_708,2,0.003936,0.001968,0.005446
kernel,input_concatenate_fusion_274,2,0.003904,0.001952,0.005402
kernel,input_concatenate_fusion_646,2,0.003904,0.001952,0.005402
kernel,input_concatenate_fusion_212,2,0.003872,0.001936,0.005358
kernel,input_concatenate_fusion_1047,2,0.003840,0.001920,0.005314
kernel,input_concatenate_fusion_398,2,0.003840,0.001920,0.005314
kernel,input_concatenate_fusion_460,2,0.003840,0.001920,0.005314
kernel,input_concatenate_fusion_522,2,0.003808,0.001904,0.005269
kernel,input_concatenate_fusion_894,2,0.003776,0.001888,0.005225
kernel,input_concatenate_fusion_1041,2,0.003680,0.001840,0.005092
kernel,input_concatenate_fusion_1042,2,0.003648,0.001824,0.005048
kernel,input_concatenate_fusion_1054,2,0.003648,0.001824,0.005048
kernel,loop_dynamic_slice_fusion_15,2,0.003616,0.001808,0.005004
kernel,input_concatenate_fusion_1049,2,0.003584,0.001792,0.004959
kernel,input_concatenate_fusion_1051,2,0.003584,0.001792,0.004959
kernel,input_concatenate_fusion_1050,2,0.003552,0.001776,0.004915
kernel,input_concatenate_fusion_1053,2,0.003552,0.001776,0.004915
kernel,loop_multiply_fusion,2,0.003552,0.001776,0.004915
kernel,input_concatenate_fusion_1045,2,0.003551,0.001775,0.004914
kernel,input_concatenate_fusion_1046,2,0.003551,0.001775,0.004914
kernel,input_concatenate_fusion_1043,2,0.003520,0.001760,0.004871
kernel,input_concatenate_fusion_1055,2,0.003520,0.001760,0.004871
kernel,input_concatenate_fusion_1052,2,0.003488,0.001744,0.004827
kernel,input_concatenate_fusion_1044,2,0.003456,0.001728,0.004782
kernel,input_concatenate_fusion_1048,2,0.003456,0.001728,0.004782
kernel,loop_dynamic_update_slice_fusion_31,2,0.003072,0.001536,0.004251
kernel,loop_dynamic_update_slice_fusion_19,2,0.002944,0.001472,0.004074
kernel,loop_dynamic_update_slice_fusion_11,2,0.002912,0.001456,0.004030
kernel,loop_dynamic_update_slice_fusion_25,2,0.002912,0.001456,0.004030
kernel,loop_dynamic_update_slice_fusion_5,2,0.002912,0.001456,0.004030
kernel,loop_dynamic_update_slice_fusion_1,2,0.002880,0.001440,0.003985
kernel,loop_dynamic_update_slice_fusion_23,2,0.002880,0.001440,0.003985
kernel,loop_dynamic_update_slice_fusion_27,2,0.002880,0.001440,0.003985
kernel,loop_dynamic_update_slice_fusion_29,2,0.002880,0.001440,0.003985
kernel,loop_dynamic_update_slice_fusion_13,2,0.002848,0.001424,0.003941
kernel,loop_dynamic_update_slice_fusion_17,2,0.002848,0.001424,0.003941
kernel,loop_dynamic_update_slice_fusion_21,2,0.002848,0.001424,0.003941
kernel,loop_dynamic_update_slice_fusion_15,2,0.002816,0.001408,0.003897
kernel,loop_dynamic_update_slice_fusion_3,2,0.002816,0.001408,0.003897
kernel,loop_dynamic_update_slice_fusion_7,2,0.002816,0.001408,0.003897
kernel,loop_dynamic_update_slice_fusion_9,2,0.002784,0.001392,0.003852
kernel,loop_convert_fusion,2,0.002272,0.001136,0.003144
