Time (%),Total Time (ns),Instances,Avg (ns),Med (ns),Min (ns),Max (ns),StdDev (ns),Style,Range
46.8,1284682623508,1,1284682623508.0,1284682623508.0,1284682623508,1284682623508,0.0,PushPop,:qvq_quantize.main
5.1,138801217354,1,138801217354.0,138801217354.0,138801217354,138801217354,0.0,PushPop,:stage.prepare_yaqa
3.2,88533964006,102304,865400.8,100772.0,84101,54387535,2385150.6,PushPop,:qvq_cuda.viterbi_v2_segment_family_grid_trusted
1.7,45333625677,40960,1106778.0,1086114.0,830562,86717624,966289.1,PushPop,:qvq_api.qvq_cuda_viterbi
0.9,25432345527,39744,639904.0,264424.0,201964,44897955,694568.1,PushPop,:qvq_cuda.viterbi_v2_segment_tail_trusted
0.8,21436041471,40960,523340.9,512191.0,389502,85792029,636669.2,PushPop,:qvq_cuda.viterbi
0.7,18143398363,1,18143398363.0,18143398363.0,18143398363,18143398363,0.0,PushPop,:stage.process:model.layers.0.mlp.up_proj
0.7,18029046808,1,18029046808.0,18029046808.0,18029046808,18029046808,0.0,PushPop,:stage.process:model.layers.1.mlp.up_proj
0.7,17884564124,1,17884564124.0,17884564124.0,17884564124,17884564124,0.0,PushPop,:stage.process:model.layers.3.mlp.down_proj
0.6,17808726880,1,17808726880.0,17808726880.0,17808726880,17808726880,0.0,PushPop,:stage.process:model.layers.0.mlp.down_proj
0.6,17806479369,1,17806479369.0,17806479369.0,17806479369,17806479369,0.0,PushPop,:stage.process:model.layers.3.mlp.gate_proj
0.6,17798898034,1,17798898034.0,17798898034.0,17798898034,17798898034,0.0,PushPop,:stage.process:model.layers.15.mlp.down_proj
0.6,17798614393,1,17798614393.0,17798614393.0,17798614393,17798614393,0.0,PushPop,:stage.process:model.layers.10.mlp.down_proj
0.6,17769035858,1,17769035858.0,17769035858.0,17769035858,17769035858,0.0,PushPop,:stage.process:model.layers.5.mlp.down_proj
0.6,17735907488,1,17735907488.0,17735907488.0,17735907488,17735907488,0.0,PushPop,:stage.process:model.layers.11.mlp.down_proj
0.6,17728863607,1,17728863607.0,17728863607.0,17728863607,17728863607,0.0,PushPop,:stage.process:model.layers.8.mlp.down_proj
0.6,17717473896,1,17717473896.0,17717473896.0,17717473896,17717473896,0.0,PushPop,:stage.process:model.layers.7.mlp.down_proj
0.6,17708233070,1,17708233070.0,17708233070.0,17708233070,17708233070,0.0,PushPop,:stage.process:model.layers.2.mlp.down_proj
0.6,17704005725,1,17704005725.0,17704005725.0,17704005725,17704005725,0.0,PushPop,:stage.process:model.layers.14.mlp.down_proj
0.6,17688291445,1,17688291445.0,17688291445.0,17688291445,17688291445,0.0,PushPop,:stage.process:model.layers.12.mlp.down_proj
0.6,17681379936,1,17681379936.0,17681379936.0,17681379936,17681379936,0.0,PushPop,:stage.process:model.layers.13.mlp.down_proj
0.6,17632274255,1,17632274255.0,17632274255.0,17632274255,17632274255,0.0,PushPop,:stage.process:model.layers.9.mlp.down_proj
0.6,17617987434,1,17617987434.0,17617987434.0,17617987434,17617987434,0.0,PushPop,:stage.process:model.layers.4.mlp.down_proj
0.6,17576653680,1,17576653680.0,17576653680.0,17576653680,17576653680,0.0,PushPop,:stage.process:model.layers.6.mlp.down_proj
0.6,17551879007,1,17551879007.0,17551879007.0,17551879007,17551879007,0.0,PushPop,:stage.process:model.layers.1.mlp.down_proj
0.6,17505749797,1,17505749797.0,17505749797.0,17505749797,17505749797,0.0,PushPop,:stage.process:model.layers.2.mlp.up_proj
0.6,17047290972,1,17047290972.0,17047290972.0,17047290972,17047290972,0.0,PushPop,:stage.process:model.layers.6.mlp.gate_proj
0.6,16883821603,1,16883821603.0,16883821603.0,16883821603,16883821603,0.0,PushPop,:stage.process:model.layers.6.mlp.up_proj
0.6,16847838114,1,16847838114.0,16847838114.0,16847838114,16847838114,0.0,PushPop,:stage.process:model.layers.0.mlp.gate_proj
0.6,16770455516,1,16770455516.0,16770455516.0,16770455516,16770455516,0.0,PushPop,:stage.process:model.layers.14.mlp.gate_proj
0.6,16742906866,1,16742906866.0,16742906866.0,16742906866,16742906866,0.0,PushPop,:stage.process:model.layers.8.mlp.gate_proj
0.6,16712161016,1,16712161016.0,16712161016.0,16712161016,16712161016,0.0,PushPop,:stage.process:model.layers.10.mlp.gate_proj
0.6,16709635054,1,16709635054.0,16709635054.0,16709635054,16709635054,0.0,PushPop,:stage.process:model.layers.7.mlp.up_proj
0.6,16702571435,1,16702571435.0,16702571435.0,16702571435,16702571435,0.0,PushPop,:stage.process:model.layers.11.mlp.gate_proj
0.6,16698969313,1,16698969313.0,16698969313.0,16698969313,16698969313,0.0,PushPop,:stage.process:model.layers.4.mlp.up_proj
0.6,16692424172,1,16692424172.0,16692424172.0,16692424172,16692424172,0.0,PushPop,:stage.process:model.layers.11.mlp.up_proj
0.6,16687995815,1,16687995815.0,16687995815.0,16687995815,16687995815,0.0,PushPop,:stage.process:model.layers.10.mlp.up_proj
0.6,16641928903,1,16641928903.0,16641928903.0,16641928903,16641928903,0.0,PushPop,:stage.process:model.layers.4.mlp.gate_proj
0.6,16640789011,1,16640789011.0,16640789011.0,16640789011,16640789011,0.0,PushPop,:stage.process:model.layers.1.mlp.gate_proj
0.6,16639781522,1,16639781522.0,16639781522.0,16639781522,16639781522,0.0,PushPop,:stage.process:model.layers.7.mlp.gate_proj
0.6,16630140462,1,16630140462.0,16630140462.0,16630140462,16630140462,0.0,PushPop,:stage.process:model.layers.8.mlp.up_proj
0.6,16622189103,1,16622189103.0,16622189103.0,16622189103,16622189103,0.0,PushPop,:stage.process:model.layers.3.mlp.up_proj
0.6,16615915519,1,16615915519.0,16615915519.0,16615915519,16615915519,0.0,PushPop,:stage.process:model.layers.12.mlp.gate_proj
0.6,16594887044,1,16594887044.0,16594887044.0,16594887044,16594887044,0.0,PushPop,:stage.process:model.layers.2.mlp.gate_proj
0.6,16579623001,1,16579623001.0,16579623001.0,16579623001,16579623001,0.0,PushPop,:stage.process:model.layers.12.mlp.up_proj
0.6,16576268429,1,16576268429.0,16576268429.0,16576268429,16576268429,0.0,PushPop,:stage.process:model.layers.13.mlp.gate_proj
0.6,16573306576,1,16573306576.0,16573306576.0,16573306576,16573306576,0.0,PushPop,:stage.process:model.layers.13.mlp.up_proj
0.6,16564354750,1,16564354750.0,16564354750.0,16564354750,16564354750,0.0,PushPop,:stage.process:model.layers.15.mlp.gate_proj
0.6,16555878250,1,16555878250.0,16555878250.0,16555878250,16555878250,0.0,PushPop,:stage.process:model.layers.14.mlp.up_proj
0.6,16548618438,1,16548618438.0,16548618438.0,16548618438,16548618438,0.0,PushPop,:stage.process:model.layers.15.mlp.up_proj
0.6,16537774065,1,16537774065.0,16537774065.0,16537774065,16537774065,0.0,PushPop,:stage.process:model.layers.9.mlp.up_proj
0.6,16532552206,1,16532552206.0,16532552206.0,16532552206,16532552206,0.0,PushPop,:stage.process:model.layers.5.mlp.up_proj
0.6,16523704569,1,16523704569.0,16523704569.0,16523704569,16523704569,0.0,PushPop,:stage.process:model.layers.9.mlp.gate_proj
0.6,16523526650,1,16523526650.0,16523526650.0,16523526650,16523526650,0.0,PushPop,:stage.process:model.layers.5.mlp.gate_proj
0.5,12816357318,43920,291811.4,145276.0,128115,24362669,387992.9,PushPop,:qvq_cuda.viterbi_tail_trusted
0.3,7813062329,61344,127364.7,97817.0,84200,34661641,240594.4,PushPop,:qvq_cuda.yaqa_feedback
0.3,7475039865,1,7475039865.0,7475039865.0,7475039865,7475039865,0.0,PushPop,:stage.process:model.layers.6.self_attn.k_proj
0.2,6319122245,61344,103011.3,80032.0,70424,30519519,196870.7,PushPop,:qvq_cuda.yaqa_feedback_update
0.2,6299693349,1,6299693349.0,6299693349.0,6299693349,6299693349,0.0,PushPop,:stage.process:model.layers.0.self_attn.q_proj
0.2,5736155206,1,5736155206.0,5736155206.0,5736155206,5736155206,0.0,PushPop,:stage.process:model.layers.2.self_attn.o_proj
0.2,5598934920,1,5598934920.0,5598934920.0,5598934920,5598934920,0.0,PushPop,:stage.process:model.layers.15.self_attn.o_proj
0.2,5593114910,1,5593114910.0,5593114910.0,5593114910,5593114910,0.0,PushPop,:stage.process:model.layers.13.self_attn.o_proj
0.2,5587581588,1,5587581588.0,5587581588.0,5587581588,5587581588,0.0,PushPop,:stage.process:model.layers.12.self_attn.q_proj
0.2,5577680474,1,5577680474.0,5577680474.0,5577680474,5577680474,0.0,PushPop,:stage.process:model.layers.4.self_attn.q_proj
0.2,5577350745,1,5577350745.0,5577350745.0,5577350745,5577350745,0.0,PushPop,:stage.process:model.layers.8.self_attn.q_proj
0.2,5576831205,1,5576831205.0,5576831205.0,5576831205,5576831205,0.0,PushPop,:stage.process:model.layers.11.self_attn.o_proj
0.2,5573864794,1,5573864794.0,5573864794.0,5573864794,5573864794,0.0,PushPop,:stage.process:model.layers.9.self_attn.q_proj
0.2,5569624414,1,5569624414.0,5569624414.0,5569624414,5569624414,0.0,PushPop,:stage.process:model.layers.11.self_attn.q_proj
0.2,5556672838,1,5556672838.0,5556672838.0,5556672838,5556672838,0.0,PushPop,:stage.process:model.layers.2.self_attn.q_proj
0.2,5551598829,1,5551598829.0,5551598829.0,5551598829,5551598829,0.0,PushPop,:stage.process:model.layers.7.self_attn.q_proj
0.2,5551295061,1,5551295061.0,5551295061.0,5551295061,5551295061,0.0,PushPop,:stage.process:model.layers.15.self_attn.q_proj
0.2,5544981442,1,5544981442.0,5544981442.0,5544981442,5544981442,0.0,PushPop,:stage.process:model.layers.12.self_attn.o_proj
0.2,5544474707,1,5544474707.0,5544474707.0,5544474707,5544474707,0.0,PushPop,:stage.process:model.layers.3.self_attn.q_proj
0.2,5543393305,1,5543393305.0,5543393305.0,5543393305,5543393305,0.0,PushPop,:stage.process:model.layers.0.self_attn.o_proj
0.2,5542261219,1,5542261219.0,5542261219.0,5542261219,5542261219,0.0,PushPop,:stage.process:model.layers.9.self_attn.o_proj
0.2,5540974176,1,5540974176.0,5540974176.0,5540974176,5540974176,0.0,PushPop,:stage.process:model.layers.5.self_attn.q_proj
0.2,5537909578,1,5537909578.0,5537909578.0,5537909578,5537909578,0.0,PushPop,:stage.process:model.layers.13.self_attn.q_proj
0.2,5534850399,1,5534850399.0,5534850399.0,5534850399,5534850399,0.0,PushPop,:stage.process:model.layers.5.self_attn.o_proj
0.2,5534385633,1,5534385633.0,5534385633.0,5534385633,5534385633,0.0,PushPop,:stage.process:model.layers.3.self_attn.o_proj
0.2,5529991912,1,5529991912.0,5529991912.0,5529991912,5529991912,0.0,PushPop,:stage.process:model.layers.4.self_attn.o_proj
0.2,5529627007,1,5529627007.0,5529627007.0,5529627007,5529627007,0.0,PushPop,:stage.process:model.layers.14.self_attn.q_proj
0.2,5529608331,1,5529608331.0,5529608331.0,5529608331,5529608331,0.0,PushPop,:stage.process:model.layers.1.self_attn.o_proj
0.2,5527698102,1,5527698102.0,5527698102.0,5527698102,5527698102,0.0,PushPop,:stage.process:model.layers.7.self_attn.o_proj
0.2,5526663029,1,5526663029.0,5526663029.0,5526663029,5526663029,0.0,PushPop,:stage.process:model.layers.8.self_attn.o_proj
0.2,5520865183,1,5520865183.0,5520865183.0,5520865183,5520865183,0.0,PushPop,:stage.process:model.layers.10.self_attn.q_proj
0.2,5520817482,1,5520817482.0,5520817482.0,5520817482,5520817482,0.0,PushPop,:stage.process:model.layers.10.self_attn.o_proj
0.2,5507799809,1,5507799809.0,5507799809.0,5507799809,5507799809,0.0,PushPop,:stage.process:model.layers.6.self_attn.q_proj
0.2,5504405291,1,5504405291.0,5504405291.0,5504405291,5504405291,0.0,PushPop,:stage.process:model.layers.1.self_attn.q_proj
0.2,5493178331,1,5493178331.0,5493178331.0,5493178331,5493178331,0.0,PushPop,:stage.process:model.layers.14.self_attn.o_proj
0.2,5490940437,1,5490940437.0,5490940437.0,5490940437,5490940437,0.0,PushPop,:stage.process:model.layers.6.self_attn.o_proj
0.1,3269285803,1,3269285803.0,3269285803.0,3269285803,3269285803,0.0,PushPop,:stage.process:model.layers.13.self_attn.v_proj
0.1,3177268722,1,3177268722.0,3177268722.0,3177268722,3177268722,0.0,PushPop,:stage.process:model.layers.0.self_attn.k_proj
0.1,3146616010,1,3146616010.0,3146616010.0,3146616010,3146616010,0.0,PushPop,:stage.process:model.layers.14.self_attn.v_proj
0.1,3105375443,1,3105375443.0,3105375443.0,3105375443,3105375443,0.0,PushPop,:stage.process:model.layers.11.self_attn.v_proj
0.1,3092825822,1,3092825822.0,3092825822.0,3092825822,3092825822,0.0,PushPop,:stage.process:model.layers.10.self_attn.k_proj
0.1,3084862430,1,3084862430.0,3084862430.0,3084862430,3084862430,0.0,PushPop,:stage.process:model.layers.13.self_attn.k_proj
0.1,3073616362,1,3073616362.0,3073616362.0,3073616362,3073616362,0.0,PushPop,:stage.process:model.layers.14.self_attn.k_proj
0.1,3071363660,1,3071363660.0,3071363660.0,3071363660,3071363660,0.0,PushPop,:stage.process:model.layers.15.self_attn.v_proj
0.1,3070800066,1,3070800066.0,3070800066.0,3070800066,3070800066,0.0,PushPop,:stage.process:model.layers.15.self_attn.k_proj
0.1,3069810041,1,3069810041.0,3069810041.0,3069810041,3069810041,0.0,PushPop,:stage.process:model.layers.10.self_attn.v_proj
0.1,3069218925,1,3069218925.0,3069218925.0,3069218925,3069218925,0.0,PushPop,:stage.process:model.layers.3.self_attn.k_proj
0.1,3065675313,1,3065675313.0,3065675313.0,3065675313,3065675313,0.0,PushPop,:stage.process:model.layers.6.self_attn.v_proj
0.1,3062941754,1,3062941754.0,3062941754.0,3062941754,3062941754,0.0,PushPop,:stage.process:model.layers.7.self_attn.v_proj
0.1,3061859843,1,3061859843.0,3061859843.0,3061859843,3061859843,0.0,PushPop,:stage.process:model.layers.8.self_attn.k_proj
0.1,3060232662,1,3060232662.0,3060232662.0,3060232662,3060232662,0.0,PushPop,:stage.process:model.layers.11.self_attn.k_proj
0.1,3057850583,1,3057850583.0,3057850583.0,3057850583,3057850583,0.0,PushPop,:stage.process:model.layers.12.self_attn.v_proj
0.1,3049636614,1,3049636614.0,3049636614.0,3049636614,3049636614,0.0,PushPop,:stage.process:model.layers.8.self_attn.v_proj
0.1,3043002665,1,3043002665.0,3043002665.0,3043002665,3043002665,0.0,PushPop,:stage.process:model.layers.0.self_attn.v_proj
0.1,3041856450,1,3041856450.0,3041856450.0,3041856450,3041856450,0.0,PushPop,:stage.process:model.layers.9.self_attn.k_proj
0.1,3039766017,1,3039766017.0,3039766017.0,3039766017,3039766017,0.0,PushPop,:stage.process:model.layers.4.self_attn.v_proj
0.1,3039221200,1,3039221200.0,3039221200.0,3039221200,3039221200,0.0,PushPop,:stage.process:model.layers.7.self_attn.k_proj
0.1,3036815195,1,3036815195.0,3036815195.0,3036815195,3036815195,0.0,PushPop,:stage.process:model.layers.12.self_attn.k_proj
0.1,3035429505,1,3035429505.0,3035429505.0,3035429505,3035429505,0.0,PushPop,:stage.process:model.layers.2.self_attn.v_proj
0.1,3033149380,1,3033149380.0,3033149380.0,3033149380,3033149380,0.0,PushPop,:stage.process:model.layers.3.self_attn.v_proj
0.1,3030997229,1,3030997229.0,3030997229.0,3030997229,3030997229,0.0,PushPop,:stage.process:model.layers.5.self_attn.v_proj
0.1,3029470261,1,3029470261.0,3029470261.0,3029470261,3029470261,0.0,PushPop,:stage.process:model.layers.5.self_attn.k_proj
0.1,3023744602,1,3023744602.0,3023744602.0,3023744602,3023744602,0.0,PushPop,:stage.process:model.layers.9.self_attn.v_proj
0.1,3012145742,1,3012145742.0,3012145742.0,3012145742,3012145742,0.0,PushPop,:stage.process:model.layers.1.self_attn.v_proj
0.1,3010610136,1,3010610136.0,3010610136.0,3010610136,3010610136,0.0,PushPop,:stage.process:model.layers.2.self_attn.k_proj
0.1,3005777048,1,3005777048.0,3005777048.0,3005777048,3005777048,0.0,PushPop,:stage.process:model.layers.1.self_attn.k_proj
0.1,2993997925,1,2993997925.0,2993997925.0,2993997925,2993997925,0.0,PushPop,:stage.process:model.layers.4.self_attn.k_proj
0.0,608580884,28704,21202.0,18736.0,16211,3960836,42454.3,PushPop,CCCL:cub::DeviceSelect::Flagged
0.0,484586624,28704,16882.2,14257.0,11572,20331708,127360.2,PushPop,CCCL:cub::DeviceReduce::Sum
0.0,356530440,1,356530440.0,356530440.0,356530440,356530440,0.0,PushPop,:stage.submodule_finalize:model.layers.4.mlp.down_proj
0.0,348003273,1,348003273.0,348003273.0,348003273,348003273,0.0,PushPop,:stage.submodule_finalize:model.layers.4.mlp.up_proj
0.0,333730800,1,333730800.0,333730800.0,333730800,333730800,0.0,PushPop,:stage.submodule_finalize:model.layers.4.self_attn.q_proj
0.0,333504459,1,333504459.0,333504459.0,333504459,333504459,0.0,PushPop,:stage.submodule_finalize:model.layers.4.mlp.gate_proj
0.0,331984292,1,331984292.0,331984292.0,331984292,331984292,0.0,PushPop,:stage.submodule_finalize:model.layers.4.self_attn.o_proj
0.0,250585171,1,250585171.0,250585171.0,250585171,250585171,0.0,PushPop,:stage.preprocess:model.layers.5.mlp.down_proj
0.0,154978181,1,154978181.0,154978181.0,154978181,154978181,0.0,PushPop,:stage.submodule_finalize:model.layers.3.mlp.down_proj
0.0,126286274,1,126286274.0,126286274.0,126286274,126286274,0.0,PushPop,:stage.submodule_finalize:model.layers.3.mlp.gate_proj
0.0,118247048,1,118247048.0,118247048.0,118247048,118247048,0.0,PushPop,:stage.submodule_finalize:model.layers.7.mlp.gate_proj
0.0,114449221,1,114449221.0,114449221.0,114449221,114449221,0.0,PushPop,:stage.submodule_finalize:model.layers.3.mlp.up_proj
0.0,112540935,1,112540935.0,112540935.0,112540935,112540935,0.0,PushPop,:stage.submodule_finalize:model.layers.6.mlp.up_proj
0.0,111976350,1,111976350.0,111976350.0,111976350,111976350,0.0,PushPop,:stage.submodule_finalize:model.layers.1.mlp.gate_proj
0.0,110798916,1,110798916.0,110798916.0,110798916,110798916,0.0,PushPop,:stage.submodule_finalize:model.layers.2.mlp.up_proj
0.0,109893050,1,109893050.0,109893050.0,109893050,109893050,0.0,PushPop,:stage.submodule_finalize:model.layers.10.mlp.gate_proj
0.0,106649970,1,106649970.0,106649970.0,106649970,106649970,0.0,PushPop,:stage.submodule_finalize:model.layers.13.mlp.up_proj
0.0,106295966,1,106295966.0,106295966.0,106295966,106295966,0.0,PushPop,:stage.submodule_finalize:model.layers.13.mlp.gate_proj
0.0,101833073,1,101833073.0,101833073.0,101833073,101833073,0.0,PushPop,:stage.submodule_finalize:model.layers.6.self_attn.q_proj
0.0,100129157,1,100129157.0,100129157.0,100129157,100129157,0.0,PushPop,:stage.submodule_finalize:model.layers.6.self_attn.o_proj
0.0,97420365,1,97420365.0,97420365.0,97420365,97420365,0.0,PushPop,:stage.submodule_finalize:model.layers.6.mlp.down_proj
0.0,97099885,1,97099885.0,97099885.0,97099885,97099885,0.0,PushPop,:stage.submodule_finalize:model.layers.6.mlp.gate_proj
0.0,94957953,1,94957953.0,94957953.0,94957953,94957953,0.0,PushPop,:stage.submodule_finalize:model.layers.3.self_attn.q_proj
0.0,94950089,1,94950089.0,94950089.0,94950089,94950089,0.0,PushPop,:stage.submodule_finalize:model.layers.2.mlp.gate_proj
0.0,94274081,1,94274081.0,94274081.0,94274081,94274081,0.0,PushPop,:stage.submodule_finalize:model.layers.14.mlp.gate_proj
0.0,93682133,1,93682133.0,93682133.0,93682133,93682133,0.0,PushPop,:stage.submodule_finalize:model.layers.10.mlp.down_proj
0.0,93276991,1,93276991.0,93276991.0,93276991,93276991,0.0,PushPop,:stage.submodule_finalize:model.layers.1.mlp.down_proj
0.0,91735885,1,91735885.0,91735885.0,91735885,91735885,0.0,PushPop,:stage.submodule_finalize:model.layers.7.mlp.down_proj
0.0,91688114,1,91688114.0,91688114.0,91688114,91688114,0.0,PushPop,:stage.submodule_finalize:model.layers.1.self_attn.q_proj
0.0,91244529,1,91244529.0,91244529.0,91244529,91244529,0.0,PushPop,:stage.submodule_finalize:model.layers.8.self_attn.o_proj
0.0,91022455,1,91022455.0,91022455.0,91022455,91022455,0.0,PushPop,:stage.submodule_finalize:model.layers.11.self_attn.q_proj
0.0,90961099,1,90961099.0,90961099.0,90961099,90961099,0.0,PushPop,:stage.submodule_finalize:model.layers.1.mlp.up_proj
0.0,90608998,1,90608998.0,90608998.0,90608998,90608998,0.0,PushPop,:stage.submodule_finalize:model.layers.10.self_attn.q_proj
0.0,90582468,1,90582468.0,90582468.0,90582468,90582468,0.0,PushPop,:stage.submodule_finalize:model.layers.3.self_attn.o_proj
0.0,89004091,1,89004091.0,89004091.0,89004091,89004091,0.0,PushPop,:stage.submodule_finalize:model.layers.9.self_attn.q_proj
0.0,87155789,1,87155789.0,87155789.0,87155789,87155789,0.0,PushPop,:stage.submodule_finalize:model.layers.12.self_attn.q_proj
0.0,87032644,1,87032644.0,87032644.0,87032644,87032644,0.0,PushPop,:stage.submodule_finalize:model.layers.3.self_attn.v_proj
0.0,86852010,1,86852010.0,86852010.0,86852010,86852010,0.0,PushPop,:stage.submodule_finalize:model.layers.10.self_attn.o_proj
0.0,86447469,1,86447469.0,86447469.0,86447469,86447469,0.0,PushPop,:stage.submodule_finalize:model.layers.8.mlp.gate_proj
0.0,86272526,1,86272526.0,86272526.0,86272526,86272526,0.0,PushPop,:stage.submodule_finalize:model.layers.8.mlp.up_proj
0.0,85858457,1,85858457.0,85858457.0,85858457,85858457,0.0,PushPop,:stage.submodule_finalize:model.layers.9.self_attn.o_proj
0.0,85738088,1,85738088.0,85738088.0,85738088,85738088,0.0,PushPop,:stage.submodule_finalize:model.layers.14.self_attn.o_proj
0.0,85541774,1,85541774.0,85541774.0,85541774,85541774,0.0,PushPop,:stage.submodule_finalize:model.layers.11.self_attn.o_proj
0.0,85359607,1,85359607.0,85359607.0,85359607,85359607,0.0,PushPop,:stage.submodule_finalize:model.layers.13.self_attn.q_proj
0.0,84718605,1,84718605.0,84718605.0,84718605,84718605,0.0,PushPop,:stage.submodule_finalize:model.layers.5.mlp.gate_proj
0.0,84328041,1,84328041.0,84328041.0,84328041,84328041,0.0,PushPop,:stage.submodule_finalize:model.layers.5.self_attn.o_proj
0.0,83654517,1,83654517.0,83654517.0,83654517,83654517,0.0,PushPop,:stage.submodule_finalize:model.layers.13.self_attn.o_proj
0.0,83264124,1,83264124.0,83264124.0,83264124,83264124,0.0,PushPop,:stage.submodule_finalize:model.layers.14.mlp.up_proj
0.0,82647970,1,82647970.0,82647970.0,82647970,82647970,0.0,PushPop,:stage.submodule_finalize:model.layers.2.mlp.down_proj
0.0,82217700,1,82217700.0,82217700.0,82217700,82217700,0.0,PushPop,:stage.submodule_finalize:model.layers.12.mlp.down_proj
0.0,81990658,1,81990658.0,81990658.0,81990658,81990658,0.0,PushPop,:stage.submodule_finalize:model.layers.10.mlp.up_proj
0.0,81028755,1,81028755.0,81028755.0,81028755,81028755,0.0,PushPop,:stage.submodule_finalize:model.layers.14.self_attn.q_proj
0.0,80944084,1,80944084.0,80944084.0,80944084,80944084,0.0,PushPop,:stage.submodule_finalize:model.layers.5.mlp.down_proj
0.0,80926370,1,80926370.0,80926370.0,80926370,80926370,0.0,PushPop,:stage.submodule_finalize:model.layers.11.mlp.gate_proj
0.0,80794358,1,80794358.0,80794358.0,80794358,80794358,0.0,PushPop,:stage.submodule_finalize:model.layers.5.self_attn.q_proj
0.0,80543810,1,80543810.0,80543810.0,80543810,80543810,0.0,PushPop,:stage.submodule_finalize:model.layers.11.mlp.up_proj
0.0,80112940,1,80112940.0,80112940.0,80112940,80112940,0.0,PushPop,:stage.submodule_finalize:model.layers.9.mlp.down_proj
0.0,79925413,1,79925413.0,79925413.0,79925413,79925413,0.0,PushPop,:stage.submodule_finalize:model.layers.15.mlp.down_proj
0.0,78236183,1,78236183.0,78236183.0,78236183,78236183,0.0,PushPop,:stage.submodule_finalize:model.layers.8.mlp.down_proj
0.0,77609490,1,77609490.0,77609490.0,77609490,77609490,0.0,PushPop,:stage.submodule_finalize:model.layers.0.mlp.gate_proj
0.0,74806409,1,74806409.0,74806409.0,74806409,74806409,0.0,PushPop,:stage.submodule_finalize:model.layers.0.mlp.down_proj
0.0,74763928,1,74763928.0,74763928.0,74763928,74763928,0.0,PushPop,:stage.submodule_finalize:model.layers.7.self_attn.o_proj
0.0,74090956,1,74090956.0,74090956.0,74090956,74090956,0.0,PushPop,:stage.submodule_finalize:model.layers.13.mlp.down_proj
0.0,73983171,1,73983171.0,73983171.0,73983171,73983171,0.0,PushPop,:stage.submodule_finalize:model.layers.7.self_attn.q_proj
0.0,73202634,1,73202634.0,73202634.0,73202634,73202634,0.0,PushPop,:stage.submodule_finalize:model.layers.12.mlp.up_proj
0.0,73141797,1,73141797.0,73141797.0,73141797,73141797,0.0,PushPop,:stage.submodule_finalize:model.layers.9.mlp.up_proj
0.0,72848499,1,72848499.0,72848499.0,72848499,72848499,0.0,PushPop,:stage.submodule_finalize:model.layers.5.self_attn.v_proj
0.0,72776632,1,72776632.0,72776632.0,72776632,72776632,0.0,PushPop,:stage.submodule_finalize:model.layers.9.mlp.gate_proj
0.0,70537826,1,70537826.0,70537826.0,70537826,70537826,0.0,PushPop,:stage.submodule_finalize:model.layers.5.mlp.up_proj
0.0,69959845,1,69959845.0,69959845.0,69959845,69959845,0.0,PushPop,:stage.submodule_finalize:model.layers.2.self_attn.v_proj
0.0,69916713,1,69916713.0,69916713.0,69916713,69916713,0.0,PushPop,:stage.submodule_finalize:model.layers.2.self_attn.q_proj
0.0,69450835,1,69450835.0,69450835.0,69450835,69450835,0.0,PushPop,:stage.submodule_finalize:model.layers.8.self_attn.q_proj
0.0,68817608,1,68817608.0,68817608.0,68817608,68817608,0.0,PushPop,:stage.submodule_finalize:model.layers.12.mlp.gate_proj
0.0,68814573,1,68814573.0,68814573.0,68814573,68814573,0.0,PushPop,:stage.submodule_finalize:model.layers.0.self_attn.q_proj
0.0,68700366,1,68700366.0,68700366.0,68700366,68700366,0.0,PushPop,:stage.submodule_finalize:model.layers.12.self_attn.v_proj
0.0,68604212,1,68604212.0,68604212.0,68604212,68604212,0.0,PushPop,:stage.submodule_finalize:model.layers.7.mlp.up_proj
0.0,68425641,1,68425641.0,68425641.0,68425641,68425641,0.0,PushPop,:stage.submodule_finalize:model.layers.15.mlp.up_proj
0.0,68247392,1,68247392.0,68247392.0,68247392,68247392,0.0,PushPop,:stage.submodule_finalize:model.layers.3.self_attn.k_proj
0.0,67988950,1,67988950.0,67988950.0,67988950,67988950,0.0,PushPop,:stage.submodule_finalize:model.layers.7.self_attn.k_proj
0.0,67950467,1,67950467.0,67950467.0,67950467,67950467,0.0,PushPop,:stage.submodule_finalize:model.layers.6.self_attn.v_proj
0.0,67611140,1,67611140.0,67611140.0,67611140,67611140,0.0,PushPop,:stage.submodule_finalize:model.layers.14.mlp.down_proj
0.0,67454732,1,67454732.0,67454732.0,67454732,67454732,0.0,PushPop,:stage.submodule_finalize:model.layers.11.self_attn.k_proj
0.0,67266403,1,67266403.0,67266403.0,67266403,67266403,0.0,PushPop,:stage.submodule_finalize:model.layers.6.self_attn.k_proj
0.0,67205116,1,67205116.0,67205116.0,67205116,67205116,0.0,PushPop,:stage.submodule_finalize:model.layers.2.self_attn.o_proj
0.0,66421382,1,66421382.0,66421382.0,66421382,66421382,0.0,PushPop,:stage.submodule_finalize:model.layers.11.self_attn.v_proj
0.0,65760835,1,65760835.0,65760835.0,65760835,65760835,0.0,PushPop,:stage.submodule_finalize:model.layers.0.mlp.up_proj
0.0,65352426,1,65352426.0,65352426.0,65352426,65352426,0.0,PushPop,:stage.submodule_finalize:model.layers.9.self_attn.v_proj
0.0,65252977,1,65252977.0,65252977.0,65252977,65252977,0.0,PushPop,:stage.submodule_finalize:model.layers.11.mlp.down_proj
0.0,65160060,1,65160060.0,65160060.0,65160060,65160060,0.0,PushPop,:stage.submodule_finalize:model.layers.9.self_attn.k_proj
0.0,62808229,1,62808229.0,62808229.0,62808229,62808229,0.0,PushPop,:stage.submodule_finalize:model.layers.12.self_attn.o_proj
0.0,61761123,1,61761123.0,61761123.0,61761123,61761123,0.0,PushPop,:stage.submodule_finalize:model.layers.7.self_attn.v_proj
0.0,61081139,1,61081139.0,61081139.0,61081139,61081139,0.0,PushPop,:stage.submodule_finalize:model.layers.10.self_attn.v_proj
0.0,60057578,1,60057578.0,60057578.0,60057578,60057578,0.0,PushPop,:stage.submodule_finalize:model.layers.4.self_attn.k_proj
0.0,59701741,1,59701741.0,59701741.0,59701741,59701741,0.0,PushPop,:stage.submodule_finalize:model.layers.4.self_attn.v_proj
0.0,59604795,1,59604795.0,59604795.0,59604795,59604795,0.0,PushPop,:stage.submodule_finalize:model.layers.10.self_attn.k_proj
0.0,58828376,1,58828376.0,58828376.0,58828376,58828376,0.0,PushPop,:stage.submodule_finalize:model.layers.8.self_attn.k_proj
0.0,58639927,1,58639927.0,58639927.0,58639927,58639927,0.0,PushPop,:stage.submodule_finalize:model.layers.15.mlp.gate_proj
0.0,56722194,1,56722194.0,56722194.0,56722194,56722194,0.0,PushPop,:stage.submodule_finalize:model.layers.13.self_attn.v_proj
0.0,56125035,1,56125035.0,56125035.0,56125035,56125035,0.0,PushPop,:stage.submodule_finalize:model.layers.14.self_attn.v_proj
0.0,55776832,1,55776832.0,55776832.0,55776832,55776832,0.0,PushPop,:stage.submodule_finalize:model.layers.12.self_attn.k_proj
0.0,54093325,1,54093325.0,54093325.0,54093325,54093325,0.0,PushPop,:stage.submodule_finalize:model.layers.1.self_attn.k_proj
0.0,51025810,1,51025810.0,51025810.0,51025810,51025810,0.0,PushPop,:stage.submodule_finalize:model.layers.2.self_attn.k_proj
0.0,50933734,1,50933734.0,50933734.0,50933734,50933734,0.0,PushPop,:stage.submodule_finalize:model.layers.0.self_attn.v_proj
0.0,49529229,1,49529229.0,49529229.0,49529229,49529229,0.0,PushPop,:stage.submodule_finalize:model.layers.8.self_attn.v_proj
0.0,47222845,1,47222845.0,47222845.0,47222845,47222845,0.0,PushPop,:stage.submodule_finalize:model.layers.0.self_attn.o_proj
0.0,46958711,1,46958711.0,46958711.0,46958711,46958711,0.0,PushPop,:stage.submodule_finalize:model.layers.15.self_attn.o_proj
0.0,46237807,1,46237807.0,46237807.0,46237807,46237807,0.0,PushPop,:stage.submodule_finalize:model.layers.15.self_attn.q_proj
0.0,44167743,1,44167743.0,44167743.0,44167743,44167743,0.0,PushPop,:stage.submodule_finalize:model.layers.0.self_attn.k_proj
0.0,40703142,1,40703142.0,40703142.0,40703142,40703142,0.0,PushPop,:stage.submodule_finalize:model.layers.14.self_attn.k_proj
0.0,39918106,1,39918106.0,39918106.0,39918106,39918106,0.0,PushPop,:stage.submodule_finalize:model.layers.5.self_attn.k_proj
0.0,38538287,1,38538287.0,38538287.0,38538287,38538287,0.0,PushPop,:stage.submodule_finalize:model.layers.13.self_attn.k_proj
0.0,33229542,1,33229542.0,33229542.0,33229542,33229542,0.0,PushPop,:stage.submodule_finalize:model.layers.1.self_attn.o_proj
0.0,31693927,1,31693927.0,31693927.0,31693927,31693927,0.0,PushPop,:stage.submodule_finalize:model.layers.1.self_attn.v_proj
0.0,26049011,1,26049011.0,26049011.0,26049011,26049011,0.0,PushPop,:stage.submodule_finalize:model.layers.15.self_attn.v_proj
0.0,24060272,1,24060272.0,24060272.0,24060272,24060272,0.0,PushPop,:stage.submodule_finalize:model.layers.15.self_attn.k_proj
0.0,8118459,16,507403.7,69257.0,11782,7293246,1810014.5,PushPop,CCCL:cub::DeviceRadixSort
0.0,4462001,1,4462001.0,4462001.0,4462001,4462001,0.0,PushPop,:stage.preprocess:model.layers.9.self_attn.q_proj
0.0,4118667,1,4118667.0,4118667.0,4118667,4118667,0.0,PushPop,:stage.preprocess:model.layers.15.self_attn.o_proj
0.0,4037582,1,4037582.0,4037582.0,4037582,4037582,0.0,PushPop,:stage.preprocess:model.layers.2.mlp.down_proj
0.0,3809899,1,3809899.0,3809899.0,3809899,3809899,0.0,PushPop,:stage.preprocess:model.layers.12.mlp.gate_proj
0.0,3517482,1,3517482.0,3517482.0,3517482,3517482,0.0,PushPop,:stage.preprocess:model.layers.14.mlp.up_proj
0.0,3508464,1,3508464.0,3508464.0,3508464,3508464,0.0,PushPop,:stage.preprocess:model.layers.4.self_attn.o_proj
0.0,3140093,1,3140093.0,3140093.0,3140093,3140093,0.0,PushPop,:stage.preprocess:model.layers.15.self_attn.q_proj
0.0,3073136,1,3073136.0,3073136.0,3073136,3073136,0.0,PushPop,:stage.preprocess:model.layers.14.self_attn.o_proj
0.0,2963476,1,2963476.0,2963476.0,2963476,2963476,0.0,PushPop,:stage.preprocess:model.layers.12.mlp.up_proj
0.0,2834240,1,2834240.0,2834240.0,2834240,2834240,0.0,PushPop,:stage.preprocess:model.layers.15.self_attn.k_proj
0.0,2818640,1,2818640.0,2818640.0,2818640,2818640,0.0,PushPop,:stage.preprocess:model.layers.3.mlp.gate_proj
0.0,2790185,1,2790185.0,2790185.0,2790185,2790185,0.0,PushPop,:stage.preprocess:model.layers.1.self_attn.q_proj
0.0,2722167,1,2722167.0,2722167.0,2722167,2722167,0.0,PushPop,:stage.preprocess:model.layers.14.mlp.gate_proj
0.0,2699173,1,2699173.0,2699173.0,2699173,2699173,0.0,PushPop,:stage.preprocess:model.layers.11.self_attn.v_proj
0.0,2672952,1,2672952.0,2672952.0,2672952,2672952,0.0,PushPop,:stage.preprocess:model.layers.10.mlp.down_proj
0.0,2672041,1,2672041.0,2672041.0,2672041,2672041,0.0,PushPop,:stage.preprocess:model.layers.14.self_attn.q_proj
0.0,2639710,1,2639710.0,2639710.0,2639710,2639710,0.0,PushPop,:stage.preprocess:model.layers.3.self_attn.q_proj
0.0,2545129,1,2545129.0,2545129.0,2545129,2545129,0.0,PushPop,:stage.preprocess:model.layers.13.self_attn.o_proj
0.0,2539238,1,2539238.0,2539238.0,2539238,2539238,0.0,PushPop,:stage.preprocess:model.layers.4.self_attn.v_proj
0.0,2469796,1,2469796.0,2469796.0,2469796,2469796,0.0,PushPop,:stage.preprocess:model.layers.7.mlp.gate_proj
0.0,2377490,1,2377490.0,2377490.0,2377490,2377490,0.0,PushPop,:stage.preprocess:model.layers.11.self_attn.q_proj
0.0,2377400,1,2377400.0,2377400.0,2377400,2377400,0.0,PushPop,:stage.preprocess:model.layers.14.self_attn.k_proj
0.0,2341672,1,2341672.0,2341672.0,2341672,2341672,0.0,PushPop,:stage.preprocess:model.layers.4.self_attn.q_proj
0.0,2043333,1,2043333.0,2043333.0,2043333,2043333,0.0,PushPop,:stage.preprocess:model.layers.14.mlp.down_proj
0.0,2030179,1,2030179.0,2030179.0,2030179,2030179,0.0,PushPop,:stage.preprocess:model.layers.5.self_attn.q_proj
0.0,1994751,1,1994751.0,1994751.0,1994751,1994751,0.0,PushPop,:stage.preprocess:model.layers.2.self_attn.q_proj
0.0,1868249,1,1868249.0,1868249.0,1868249,1868249,0.0,PushPop,:stage.preprocess:model.layers.2.self_attn.k_proj
0.0,1750916,1,1750916.0,1750916.0,1750916,1750916,0.0,PushPop,:stage.preprocess:model.layers.2.mlp.up_proj
0.0,1677837,1,1677837.0,1677837.0,1677837,1677837,0.0,PushPop,:stage.preprocess:model.layers.1.self_attn.v_proj
0.0,1630036,1,1630036.0,1630036.0,1630036,1630036,0.0,PushPop,:stage.preprocess:model.layers.1.self_attn.o_proj
0.0,1554211,1,1554211.0,1554211.0,1554211,1554211,0.0,PushPop,:stage.preprocess:model.layers.7.self_attn.q_proj
0.0,1526719,1,1526719.0,1526719.0,1526719,1526719,0.0,PushPop,:stage.preprocess:model.layers.13.self_attn.q_proj
0.0,1507963,1,1507963.0,1507963.0,1507963,1507963,0.0,PushPop,:stage.preprocess:model.layers.4.mlp.gate_proj
0.0,1474149,1,1474149.0,1474149.0,1474149,1474149,0.0,PushPop,:stage.preprocess:model.layers.5.self_attn.v_proj
0.0,1461244,1,1461244.0,1461244.0,1461244,1461244,0.0,PushPop,:stage.preprocess:model.layers.2.self_attn.v_proj
0.0,1458950,1,1458950.0,1458950.0,1458950,1458950,0.0,PushPop,:stage.preprocess:model.layers.3.mlp.up_proj
0.0,1443711,1,1443711.0,1443711.0,1443711,1443711,0.0,PushPop,:stage.preprocess:model.layers.3.mlp.down_proj
0.0,1431316,1,1431316.0,1431316.0,1431316,1431316,0.0,PushPop,:stage.preprocess:model.layers.1.mlp.gate_proj
0.0,1426087,1,1426087.0,1426087.0,1426087,1426087,0.0,PushPop,:stage.preprocess:model.layers.5.self_attn.o_proj
0.0,1383816,1,1383816.0,1383816.0,1383816,1383816,0.0,PushPop,:stage.preprocess:model.layers.8.self_attn.q_proj
0.0,1354892,1,1354892.0,1354892.0,1354892,1354892,0.0,PushPop,:stage.preprocess:model.layers.0.self_attn.q_proj
0.0,1345965,1,1345965.0,1345965.0,1345965,1345965,0.0,PushPop,:stage.preprocess:model.layers.12.self_attn.q_proj
0.0,1343731,1,1343731.0,1343731.0,1343731,1343731,0.0,PushPop,:stage.preprocess:model.layers.7.self_attn.o_proj
0.0,1342077,1,1342077.0,1342077.0,1342077,1342077,0.0,PushPop,:stage.preprocess:model.layers.6.self_attn.q_proj
0.0,1251785,1,1251785.0,1251785.0,1251785,1251785,0.0,PushPop,:stage.preprocess:model.layers.15.mlp.down_proj
0.0,1232618,1,1232618.0,1232618.0,1232618,1232618,0.0,PushPop,:stage.preprocess:model.layers.15.mlp.up_proj
0.0,1202001,1,1202001.0,1202001.0,1202001,1202001,0.0,PushPop,:stage.preprocess:model.layers.10.self_attn.q_proj
0.0,1198152,1,1198152.0,1198152.0,1198152,1198152,0.0,PushPop,:stage.preprocess:model.layers.11.self_attn.o_proj
0.0,1169298,1,1169298.0,1169298.0,1169298,1169298,0.0,PushPop,:stage.preprocess:model.layers.9.self_attn.v_proj
0.0,1162706,1,1162706.0,1162706.0,1162706,1162706,0.0,PushPop,:stage.preprocess:model.layers.5.mlp.gate_proj
0.0,1153297,1,1153297.0,1153297.0,1153297,1153297,0.0,PushPop,:stage.preprocess:model.layers.7.mlp.down_proj
0.0,1152295,1,1152295.0,1152295.0,1152295,1152295,0.0,PushPop,:stage.preprocess:model.layers.5.mlp.up_proj
0.0,1100938,1,1100938.0,1100938.0,1100938,1100938,0.0,PushPop,:stage.preprocess:model.layers.7.self_attn.k_proj
0.0,1091380,1,1091380.0,1091380.0,1091380,1091380,0.0,PushPop,:stage.preprocess:model.layers.5.self_attn.k_proj
0.0,1071622,1,1071622.0,1071622.0,1071622,1071622,0.0,PushPop,:stage.preprocess:model.layers.11.mlp.down_proj
0.0,1067484,1,1067484.0,1067484.0,1067484,1067484,0.0,PushPop,:stage.preprocess:model.layers.2.mlp.gate_proj
0.0,1031535,1,1031535.0,1031535.0,1031535,1031535,0.0,PushPop,:stage.preprocess:model.layers.12.mlp.down_proj
0.0,1008412,1,1008412.0,1008412.0,1008412,1008412,0.0,PushPop,:stage.preprocess:model.layers.4.mlp.down_proj
0.0,967924,1,967924.0,967924.0,967924,967924,0.0,PushPop,:stage.preprocess:model.layers.8.mlp.up_proj
0.0,962564,1,962564.0,962564.0,962564,962564,0.0,PushPop,:stage.preprocess:model.layers.13.mlp.down_proj
0.0,929221,1,929221.0,929221.0,929221,929221,0.0,PushPop,:stage.preprocess:model.layers.10.mlp.up_proj
0.0,901358,1,901358.0,901358.0,901358,901358,0.0,PushPop,:stage.preprocess:model.layers.13.self_attn.v_proj
0.0,899494,1,899494.0,899494.0,899494,899494,0.0,PushPop,:stage.preprocess:model.layers.10.self_attn.o_proj
0.0,894635,1,894635.0,894635.0,894635,894635,0.0,PushPop,:stage.preprocess:model.layers.15.mlp.gate_proj
0.0,892320,1,892320.0,892320.0,892320,892320,0.0,PushPop,:stage.preprocess:model.layers.6.mlp.down_proj
0.0,886569,1,886569.0,886569.0,886569,886569,0.0,PushPop,:stage.preprocess:model.layers.7.self_attn.v_proj
0.0,860911,1,860911.0,860911.0,860911,860911,0.0,PushPop,:stage.preprocess:model.layers.14.self_attn.v_proj
0.0,841213,1,841213.0,841213.0,841213,841213,0.0,PushPop,:stage.preprocess:model.layers.9.self_attn.o_proj
0.0,831334,1,831334.0,831334.0,831334,831334,0.0,PushPop,:stage.preprocess:model.layers.11.mlp.gate_proj
0.0,810123,1,810123.0,810123.0,810123,810123,0.0,PushPop,:stage.preprocess:model.layers.11.mlp.up_proj
0.0,780336,1,780336.0,780336.0,780336,780336,0.0,PushPop,:stage.preprocess:model.layers.7.mlp.up_proj
0.0,759476,1,759476.0,759476.0,759476,759476,0.0,PushPop,:stage.preprocess:model.layers.2.self_attn.o_proj
0.0,747204,1,747204.0,747204.0,747204,747204,0.0,PushPop,:stage.preprocess:model.layers.9.self_attn.k_proj
0.0,740461,1,740461.0,740461.0,740461,740461,0.0,PushPop,:stage.preprocess:model.layers.3.self_attn.k_proj
0.0,732465,1,732465.0,732465.0,732465,732465,0.0,PushPop,:stage.preprocess:model.layers.8.mlp.gate_proj
0.0,727426,1,727426.0,727426.0,727426,727426,0.0,PushPop,:stage.preprocess:model.layers.13.mlp.up_proj
0.0,719982,1,719982.0,719982.0,719982,719982,0.0,PushPop,:stage.preprocess:model.layers.4.self_attn.k_proj
0.0,715703,1,715703.0,715703.0,715703,715703,0.0,PushPop,:stage.preprocess:model.layers.10.self_attn.v_proj
0.0,710284,1,710284.0,710284.0,710284,710284,0.0,PushPop,:stage.preprocess:model.layers.1.self_attn.k_proj
0.0,703821,1,703821.0,703821.0,703821,703821,0.0,PushPop,:stage.preprocess:model.layers.1.mlp.down_proj
0.0,698902,1,698902.0,698902.0,698902,698902,0.0,PushPop,:stage.preprocess:model.layers.4.mlp.up_proj
0.0,696307,1,696307.0,696307.0,696307,696307,0.0,PushPop,:stage.preprocess:model.layers.13.self_attn.k_proj
0.0,693432,1,693432.0,693432.0,693432,693432,0.0,PushPop,:stage.preprocess:model.layers.11.self_attn.k_proj
0.0,685907,1,685907.0,685907.0,685907,685907,0.0,PushPop,:stage.preprocess:model.layers.9.mlp.up_proj
0.0,679675,1,679675.0,679675.0,679675,679675,0.0,PushPop,:stage.preprocess:model.layers.3.self_attn.v_proj
0.0,677120,1,677120.0,677120.0,677120,677120,0.0,PushPop,:stage.preprocess:model.layers.0.self_attn.k_proj
0.0,675377,1,675377.0,675377.0,675377,675377,0.0,PushPop,:stage.preprocess:model.layers.6.self_attn.k_proj
0.0,671980,1,671980.0,671980.0,671980,671980,0.0,PushPop,:stage.preprocess:model.layers.1.mlp.up_proj
0.0,668213,1,668213.0,668213.0,668213,668213,0.0,PushPop,:stage.preprocess:model.layers.3.self_attn.o_proj
0.0,667822,1,667822.0,667822.0,667822,667822,0.0,PushPop,:stage.preprocess:model.layers.9.mlp.down_proj
0.0,652504,1,652504.0,652504.0,652504,652504,0.0,PushPop,:stage.preprocess:model.layers.15.self_attn.v_proj
0.0,644658,1,644658.0,644658.0,644658,644658,0.0,PushPop,:stage.preprocess:model.layers.9.mlp.gate_proj
0.0,643315,1,643315.0,643315.0,643315,643315,0.0,PushPop,:stage.preprocess:model.layers.12.self_attn.k_proj
0.0,638847,1,638847.0,638847.0,638847,638847,0.0,PushPop,:stage.preprocess:model.layers.6.mlp.gate_proj
0.0,634319,1,634319.0,634319.0,634319,634319,0.0,PushPop,:stage.preprocess:model.layers.8.self_attn.k_proj
0.0,626634,1,626634.0,626634.0,626634,626634,0.0,PushPop,:stage.preprocess:model.layers.6.self_attn.v_proj
0.0,624410,1,624410.0,624410.0,624410,624410,0.0,PushPop,:stage.preprocess:model.layers.8.self_attn.o_proj
0.0,621975,1,621975.0,621975.0,621975,621975,0.0,PushPop,:stage.preprocess:model.layers.6.mlp.up_proj
0.0,621664,1,621664.0,621664.0,621664,621664,0.0,PushPop,:stage.preprocess:model.layers.13.mlp.gate_proj
0.0,616695,1,616695.0,616695.0,616695,616695,0.0,PushPop,:stage.preprocess:model.layers.0.self_attn.v_proj
0.0,616214,1,616214.0,616214.0,616214,616214,0.0,PushPop,:stage.preprocess:model.layers.10.self_attn.k_proj
0.0,610403,1,610403.0,610403.0,610403,610403,0.0,PushPop,:stage.preprocess:model.layers.8.self_attn.v_proj
0.0,607668,1,607668.0,607668.0,607668,607668,0.0,PushPop,:stage.preprocess:model.layers.0.self_attn.o_proj
0.0,602477,1,602477.0,602477.0,602477,602477,0.0,PushPop,:stage.preprocess:model.layers.0.mlp.gate_proj
0.0,598621,1,598621.0,598621.0,598621,598621,0.0,PushPop,:stage.preprocess:model.layers.12.self_attn.v_proj
0.0,597588,1,597588.0,597588.0,597588,597588,0.0,PushPop,:stage.preprocess:model.layers.6.self_attn.o_proj
0.0,596477,1,596477.0,596477.0,596477,596477,0.0,PushPop,:stage.preprocess:model.layers.10.mlp.gate_proj
0.0,595514,1,595514.0,595514.0,595514,595514,0.0,PushPop,:stage.preprocess:model.layers.0.mlp.up_proj
0.0,591337,1,591337.0,591337.0,591337,591337,0.0,PushPop,:stage.preprocess:model.layers.12.self_attn.o_proj
0.0,590866,1,590866.0,590866.0,590866,590866,0.0,PushPop,:stage.preprocess:model.layers.8.mlp.down_proj
0.0,570537,1,570537.0,570537.0,570537,570537,0.0,PushPop,:stage.preprocess:model.layers.0.mlp.down_proj
0.0,208477,1,208477.0,208477.0,208477,208477,0.0,PushPop,:stage.finalize
0.0,17183,1,17183.0,17183.0,17183,17183,0.0,PushPop,:stage.prepare_module_granular_replay
