Time (%),Total Time (ns),Instances,Avg (ns),Med (ns),Min (ns),Max (ns),StdDev (ns),Category,Operation
34.7,56152308994,12788,4391015.7,4049799.0,1250180,16417922,3654023.3,CUDA_KERNEL,void <unnamed>::qvq_fused_w2_family_grid_kernel<(bool)0>(<unnamed>::FusedSequenceArgs)
24.2,39101310497,16100,2428652.8,2754040.0,1350273,7305625,1399793.5,CUDA_KERNEL,"void <unnamed>::qvq_viterbi_kernel<(int)4, (int)2, __half, unsigned char>(const float *, const T3 *, const float *, const long *, const float *, T4 *, long *, float *, int, int, int, bool, bool, bool)"
9.8,15787739559,79488,198617.9,148352.0,132032,478145,77054.0,CUDA_KERNEL,"void <unnamed>::qvq_v2_segment_grid_kernel<(int)4, (int)2, (int)16, (bool)1, (bool)0, __half, unsigned char>(const float *, const T6 *, const float *, const long *, const float *, const float *, float *, T7 *, unsigned char *, int, int, int, bool, bool)"
7.5,12203293973,7668,1591457.2,1175924.5,21152,5813205,1409296.9,CUDA_KERNEL,void cutlass::Kernel2<cutlass_80_simt_sgemm_grouped_128x128_8x4_align1>(T1::Params)
5.2,8441723820,8104,1041673.7,290209.0,9856,101469568,6696594.2,CUDA_KERNEL,ampere_sgemm_128x128_nt
4.8,7845331082,224,35023799.5,6627302.5,777152,103061330,43313800.1,CUDA_KERNEL,ampere_sgemm_128x128_tn
1.9,3002775957,7652,392417.1,308241.0,4672,969507,328841.7,CUDA_KERNEL,"void gemmSN_NN_kernel<float, (int)128, (int)2, (int)4, (int)8, (int)4, (int)4, (bool)0, cublasGemvTensorBatched<const float>, cublasGemvTensorBatched<const float>, cublasGemvTensorBatched<float>>(cublasGemmSmallNParams<T9, T10, T11, T1>)"
1.6,2607871404,72750,35847.0,2016.0,1120,252792451,1771160.5,MEMORY_OPER,[CUDA memcpy Device-to-Host]
1.1,1703556752,2920,583409.8,574016.5,307617,895074,174156.7,CUDA_KERNEL,ampere_sgemm_64x32_sliced1x4_nt
0.8,1335713136,11842,112794.6,2720.0,1056,375710192,3850226.7,MEMORY_OPER,[CUDA memcpy Host-to-Device]
0.8,1272903453,12788,99538.9,101664.0,29568,117601,9877.8,CUDA_KERNEL,"<unnamed>::qvq_fused_w2_traceback_kernel(const unsigned char *, const unsigned char *, const int *, long *, unsigned char *, int)"
0.5,870174866,9936,87578.0,82465.0,66144,154432,13416.9,CUDA_KERNEL,"void <unnamed>::qvq_v2_segment_grid_finalize_kernel<(int)4, (int)2, (int)16, (bool)0, __half, unsigned char>(const float *, const T5 *, const float *, const long *, const float *, const float *, const T6 *, const unsigned char *, long *, unsigned char *, float *, int, int, bool, bool)"
0.4,692500694,4398,157458.1,93408.0,20704,13451633,633746.6,CUDA_KERNEL,void cutlass::Kernel2<cutlass_80_simt_sgemm_128x32_8x5_nt_align1>(T1::Params)
0.4,655163936,270,2426533.1,2012308.5,445153,6742576,1317268.4,CUDA_KERNEL,ampere_sgemm_128x64_nt
0.3,417491416,30330,13765.0,8096.0,3968,227456,11438.4,CUDA_KERNEL,"void at::native::index_elementwise_kernel<(int)128, (int)4, void at::native::gpu_index_kernel<void at::native::index_kernel_impl<at::native::OpaqueType<(int)4>>(at::TensorIteratorBase &, c10::ArrayRef<long>, c10::ArrayRef<long>)::[lambda(char *, const char *, long) (instance 1)]>(at::TensorIteratorBase &, c10::ArrayRef<long>, c10::ArrayRef<long>, const T1 &, bool)::[lambda(int) (instance 1)]>(long, T3)"
0.2,368129951,53742,6849.9,7328.0,2528,801856,7787.6,CUDA_KERNEL,"void at::native::reduce_kernel<(int)512, (int)1, at::native::ReduceOp<bool, at::native::func_wrapper_t<bool, at::native::and_kernel_cuda(at::TensorIterator &)::[lambda() (instance 1)]::operator ()() const::[lambda() (instance 12)]::operator ()() const::[lambda(bool, bool) (instance 1)]>, unsigned int, bool, (int)4, (int)4>>(T3)"
0.2,359863242,108,3332067.1,3235527.5,230944,12676439,4166684.8,CUDA_KERNEL,ampere_sgemm_128x64_nn
0.2,300154419,25576,11735.8,4160.0,2016,2448160,78461.7,CUDA_KERNEL,"void at::native::unrolled_elementwise_kernel<at::native::direct_copy_kernel_cuda(at::TensorIteratorBase &)::[lambda() (instance 3)]::operator ()() const::[lambda() (instance 7)]::operator ()() const::[lambda(float) (instance 1)], std::array<char *, (unsigned long)2>, (int)4, TrivialOffsetCalculator<(int)1, unsigned int>, TrivialOffsetCalculator<(int)1, unsigned int>, at::native::memory::LoadWithCast<(int)1>, at::native::memory::StoreWithCast<(int)1>>(int, T1, T2, T4, T5, T6, T7)"
0.2,284095803,1340,212011.8,126912.0,34208,1221759,276496.2,CUDA_KERNEL,ampere_fp16_s16816gemm_fp16_128x128_ldg8_f2f_stages_32x5_tn
0.2,283295888,521,543754.1,444960.0,36640,11469532,874045.6,CUDA_KERNEL,ampere_fp16_s16816gemm_fp16_128x256_ldg8_f2f_stages_64x3_tn
0.2,260716989,22007,11847.0,9153.0,4256,8219900,98117.1,CUDA_KERNEL,"void at::native::index_elementwise_kernel<(int)128, (int)4, void at::native::gpu_index_kernel<void at::native::index_kernel_impl<at::native::OpaqueType<(int)2>>(at::TensorIteratorBase &, c10::ArrayRef<long>, c10::ArrayRef<long>)::[lambda(char *, const char *, long) (instance 1)]>(at::TensorIteratorBase &, c10::ArrayRef<long>, c10::ArrayRef<long>, const T1 &, bool)::[lambda(int) (instance 1)]>(long, T3)"
0.2,252360709,1042,242188.8,39056.0,17632,13418990,1626839.0,CUDA_KERNEL,ampere_sgemm_128x32_sliced1x4_nn
0.2,252349785,45206,5582.2,3232.0,1856,705153,23925.4,CUDA_KERNEL,"void at::native::elementwise_kernel<(int)128, (int)2, void at::native::gpu_kernel_impl_nocast<at::native::direct_copy_kernel_cuda(at::TensorIteratorBase &)::[lambda() (instance 3)]::operator ()() const::[lambda() (instance 7)]::operator ()() const::[lambda(float) (instance 1)]>(at::TensorIteratorBase &, const T1 &)::[lambda(int) (instance 1)]>(int, T3)"
0.1,237000511,53,4471707.8,6737340.0,634496,6874141,2893408.5,CUDA_KERNEL,"void at::native::<unnamed>::cunn_SoftMaxForward<(int)8, c10::Half, float, float, at::native::<unnamed>::SoftMaxForwardEpilogue>(T4 *, const T2 *, int)"
0.1,206241963,29652,6955.4,7552.0,3104,65888,1658.0,CUDA_KERNEL,"void at::native::reduce_kernel<(int)512, (int)1, at::native::ReduceOp<float, at::native::func_wrapper_t<float, at::native::MaxNanFunctor<float>>, unsigned int, float, (int)4, (int)4>>(T3)"
0.1,204042180,797,256012.8,70176.0,6528,2037279,491873.6,CUDA_KERNEL,void cutlass::Kernel2<cutlass_75_tensorop_f16_s1688gemm_f16_64x64_tn_align1>(T1::Params)
0.1,197132840,6568,30014.1,18592.0,4256,233633,36517.7,CUDA_KERNEL,"void gemmSN_NN_kernel<float, (int)128, (int)2, (int)4, (int)8, (int)4, (int)4, (bool)0, cublasGemvTensorStridedBatched<const float>, cublasGemvTensorStridedBatched<const float>, cublasGemvTensorStridedBatched<float>>(cublasGemmSmallNParams<T9, T10, T11, T1>)"
0.1,186008029,4224,44036.0,7760.0,3936,1610751,157313.1,CUDA_KERNEL,"void at::native::elementwise_kernel<(int)128, (int)4, void at::native::gpu_kernel_impl_nocast<at::native::CUDAFunctor_add<c10::Half>>(at::TensorIteratorBase &, const T1 &)::[lambda(int) (instance 1)]>(int, T3)"
0.1,183059896,3014,60736.5,34768.0,2528,258657,69125.6,CUDA_KERNEL,"void gemmSN_NN_kernel<float, (int)256, (int)4, (int)2, (int)8, (int)4, (int)4, (bool)0, cublasGemvTensorStridedBatched<const float>, cublasGemvTensorStridedBatched<const float>, cublasGemvTensorStridedBatched<float>>(cublasGemmSmallNParams<T9, T10, T11, T1>)"
0.1,173453886,60452,2869.3,2080.0,1472,317663,11893.0,CUDA_KERNEL,"void at::native::vectorized_elementwise_kernel<(int)4, at::native::AbsFunctor<float>, std::array<char *, (unsigned long)2>>(int, T2, T3)"
0.1,172608557,384,449501.5,334848.0,18880,1203583,333174.6,CUDA_KERNEL,ampere_fp16_s16816gemm_fp16_256x128_ldg8_f2f_stages_32x3_nn
0.1,168445089,12788,13172.1,13568.0,9184,16160,1585.5,CUDA_KERNEL,"<unnamed>::qvq_fused_detect_family_mask_kernel(const unsigned int *, int *)"
0.1,167134647,24750,6752.9,6688.0,3456,264064,2135.1,CUDA_KERNEL,"void at::native::index_elementwise_kernel<(int)128, (int)4, void at::native::gpu_index_kernel<void at::native::index_put_kernel_impl<at::native::OpaqueType<(int)4>>(at::TensorIterator &, c10::ArrayRef<long>, c10::ArrayRef<long>)::[lambda(char *, const char *, long) (instance 1)]>(at::TensorIteratorBase &, c10::ArrayRef<long>, c10::ArrayRef<long>, const T1 &, bool)::[lambda(int) (instance 1)]>(long, T3)"
0.1,158134927,5089,31073.9,5088.0,1888,1468576,116791.9,CUDA_KERNEL,"void at::native::vectorized_elementwise_kernel<(int)4, at::native::float16_copy_kernel_cuda(at::TensorIteratorBase &)::[lambda(float) (instance 1)], std::array<char *, (unsigned long)2>>(int, T2, T3)"
0.1,156393659,12,13032804.9,12986767.0,12880045,13295375,166212.0,CUDA_KERNEL,void cutlass::Kernel2<cutlass_80_simt_sgemm_128x64_8x5_nn_align1>(T1::Params)
0.1,146716226,541,271194.5,167936.0,84865,17578486,829477.8,CUDA_KERNEL,ampere_fp16_s16816gemm_fp16_256x128_ldg8_f2f_stages_64x3_tn
0.1,137269832,7574,18123.8,4320.0,3168,665250,45345.3,CUDA_KERNEL,"void at::native::elementwise_kernel<(int)128, (int)2, void at::native::gpu_kernel_impl_nocast<at::native::CUDAFunctor_add<float>>(at::TensorIteratorBase &, const T1 &)::[lambda(int) (instance 1)]>(int, T3)"
0.1,135626746,48520,2795.3,2112.0,1312,256544,8604.6,MEMORY_OPER,[CUDA memcpy Device-to-Device]
0.1,135256909,1966,68798.0,18528.0,1792,2254207,226472.7,CUDA_KERNEL,"void at::native::vectorized_elementwise_kernel<(int)4, at::native::BinaryFunctor<float, float, float, at::native::binary_internal::MulFunctor<float>>, std::array<char *, (unsigned long)3>>(int, T2, T3)"
0.1,132127115,448,294926.6,78448.0,7744,1141537,440919.1,CUDA_KERNEL,"void at::native::reduce_kernel<(int)128, (int)4, at::native::ReduceOp<float, at::native::func_wrapper_t<float, at::native::sum_functor<float, float, float>::operator ()(at::TensorIterator &)::[lambda(float, float) (instance 1)]>, unsigned int, float, (int)4, (int)4>>(T3)"
0.1,130550816,748,174533.2,55936.5,10720,1257184,308657.5,CUDA_KERNEL,void cutlass::Kernel2<cutlass_75_tensorop_f16_s1688gemm_f16_64x64_nn_align1>(T1::Params)
0.1,130301360,11904,10946.0,4864.0,3808,91648,14044.1,CUDA_KERNEL,"void at::native::elementwise_kernel<(int)128, (int)4, void at::native::gpu_kernel_impl_nocast<at::native::direct_copy_kernel_cuda(at::TensorIteratorBase &)::[lambda() (instance 3)]::operator ()() const::[lambda() (instance 10)]::operator ()() const::[lambda(c10::Half) (instance 1)]>(at::TensorIteratorBase &, const T1 &)::[lambda(int) (instance 1)]>(int, T3)"
0.1,128069720,189,677617.6,226688.0,163808,15967479,1756337.6,CUDA_KERNEL,ampere_fp16_s16816gemm_fp16_256x128_ldg8_f2f_stages_64x3_nn
0.1,127648826,10016,12744.5,6752.0,3841,91936,14439.2,CUDA_KERNEL,"void at::native::elementwise_kernel<(int)128, (int)4, void at::native::gpu_kernel_impl_nocast<at::native::BinaryFunctor<c10::Half, c10::Half, c10::Half, at::native::binary_internal::MulFunctor<float>>>(at::TensorIteratorBase &, const T1 &)::[lambda(int) (instance 1)]>(int, T3)"
0.1,126099099,46209,2728.9,2176.0,1504,1468607,13705.4,CUDA_KERNEL,"void at::native::vectorized_elementwise_kernel<(int)4, at::native::BinaryFunctor<bool, bool, bool, at::native::binary_internal::MulFunctor<bool>>, std::array<char *, (unsigned long)3>>(int, T2, T3)"
0.1,125279168,15404,8132.9,8192.0,7392,8864,270.3,CUDA_KERNEL,"void at::native::reduce_kernel<(int)512, (int)1, at::native::ReduceOp<c10::Half, at::native::func_wrapper_t<c10::Half, at::native::MaxNanFunctor<c10::Half>>, unsigned int, c10::Half, (int)4, (int)4>>(T3)"
0.1,105050494,52,2020201.8,925282.0,16672,7290325,2337561.4,CUDA_KERNEL,"void kernel<getrf_wo_pivot_params_<float, (int)0, (int)256, (int)1, (int)64, (int)64, (int)68, (int)8, (int)1, (int)1>>(int, int, void *, int, void *, int, int, int, int, int, int *)"
0.1,103119279,14324,7199.1,2240.0,1504,376096,31746.4,CUDA_KERNEL,"void at::native::vectorized_elementwise_kernel<(int)4, at::native::CUDAFunctor_add<float>, std::array<char *, (unsigned long)3>>(int, T2, T3)"
0.1,100708010,608,165638.2,111888.0,28000,754176,181722.5,CUDA_KERNEL,ampere_fp16_s16816gemm_fp16_128x128_ldg8_f2f_stages_32x5_nn
0.1,99926867,14292,6991.8,7008.0,3424,19392,425.4,CUDA_KERNEL,"void at::native::index_elementwise_kernel<(int)128, (int)4, void at::native::gpu_index_kernel<void at::native::index_put_kernel_impl<at::native::OpaqueType<(int)8>>(at::TensorIterator &, c10::ArrayRef<long>, c10::ArrayRef<long>)::[lambda(char *, const char *, long) (instance 1)]>(at::TensorIteratorBase &, c10::ArrayRef<long>, c10::ArrayRef<long>, const T1 &, bool)::[lambda(int) (instance 1)]>(long, T3)"
0.1,99453765,1664,59767.9,12848.0,1728,757536,135454.8,CUDA_KERNEL,"void at::native::vectorized_elementwise_kernel<(int)4, at::native::AUnaryFunctor<c10::Half, c10::Half, c10::Half, at::native::binary_internal::MulFunctor<float>>, std::array<char *, (unsigned long)2>>(int, T2, T3)"
0.1,95946564,30814,3113.7,2081.0,1472,197920,10609.1,CUDA_KERNEL,"void at::native::vectorized_elementwise_kernel<(int)4, at::native::BinaryFunctor<float, float, bool, at::native::<unnamed>::CompareEqFunctor<float>>, std::array<char *, (unsigned long)3>>(int, T2, T3)"
0.1,93283119,30816,3027.1,2080.0,1504,205536,10973.9,CUDA_KERNEL,"void at::native::vectorized_elementwise_kernel<(int)4, at::native::AUnaryFunctor<float, float, bool, at::native::<unnamed>::CompareEqFunctor<float>>, std::array<char *, (unsigned long)2>>(int, T2, T3)"
0.1,89686540,364,246391.6,39424.0,15424,851393,355273.2,CUDA_KERNEL,ampere_sgemm_128x32_nn
0.0,78936631,30813,2561.8,2144.0,1536,1773599,18541.1,CUDA_KERNEL,"void at::native::vectorized_elementwise_kernel<(int)4, at::native::AbsFunctor<c10::Half>, std::array<char *, (unsigned long)2>>(int, T2, T3)"
0.0,76451217,1408,54297.7,40816.0,3104,233024,53115.9,CUDA_KERNEL,"void at::native::vectorized_elementwise_kernel<(int)4, at::native::BinaryFunctor<c10::Half, c10::Half, c10::Half, at::native::binary_internal::MulFunctor<float>>, std::array<char *, (unsigned long)3>>(int, T2, T3)"
0.0,71947665,528,136264.5,53456.0,8896,740066,202793.4,CUDA_KERNEL,void cutlass::Kernel2<cutlass_80_wmma_tensorop_f16_s161616gemm_f16_32x32_32x1_tn_align2>(T1::Params)
0.0,71150501,26036,2732.8,2720.0,2080,510465,5816.7,CUDA_KERNEL,"<unnamed>::qvq_half2_codebook_norm_pack_kernel(const __half *, unsigned long *, int)"
0.0,68395001,3500,19541.4,8336.5,3200,662849,33573.5,CUDA_KERNEL,"void at::native::elementwise_kernel<(int)128, (int)2, void at::native::gpu_kernel_impl_nocast<at::native::BinaryFunctor<float, float, float, at::native::binary_internal::MulFunctor<float>>>(at::TensorIteratorBase &, const T1 &)::[lambda(int) (instance 1)]>(int, T3)"
0.0,67069539,7980,8404.7,8224.0,7808,10592,603.8,CUDA_KERNEL,"void batch_trsm_left_kernel<float, (int)64, (int)4, (int)3, (bool)0, (bool)0, (bool)1>(cublasTrsmBatchParams2<T1>, T1, const T1 *, int)"
0.0,66525959,20490,3246.8,3200.0,1792,116736,1957.9,CUDA_KERNEL,"void at::native::elementwise_kernel<(int)128, (int)2, void at::native::gpu_kernel_impl_nocast<at::native::direct_copy_kernel_cuda(at::TensorIteratorBase &)::[lambda() (instance 3)]::operator ()() const::[lambda() (instance 4)]::operator ()() const::[lambda(long) (instance 1)]>(at::TensorIteratorBase &, const T1 &)::[lambda(int) (instance 1)]>(int, T3)"
0.0,58729225,9380,6261.1,3584.0,2976,23584,4170.7,CUDA_KERNEL,"void at::native::reduce_kernel<(int)512, (int)1, at::native::ReduceOp<bool, at::native::func_wrapper_t<bool, at::native::or_kernel_cuda(at::TensorIterator &)::[lambda() (instance 1)]::operator ()() const::[lambda() (instance 12)]::operator ()() const::[lambda(bool, bool) (instance 1)]>, unsigned int, bool, (int)4, (int)4>>(T3)"
0.0,57928515,29300,1977.1,1952.0,1536,210753,1332.4,CUDA_KERNEL,"void at::native::vectorized_elementwise_kernel<(int)4, at::native::BinaryFunctor<bool, bool, bool, at::native::logical_or_kernel_cuda(at::TensorIterator &)::[lambda() (instance 2)]::operator ()() const::[lambda() (instance 9)]::operator ()() const::[lambda(bool, bool) (instance 1)]>, std::array<char *, (unsigned long)3>>(int, T2, T3)"
0.0,55672198,8612,6464.5,4032.0,3968,66784,10717.4,CUDA_KERNEL,ampere_sgemm_32x128_nt
0.0,55143781,19336,2851.9,2944.0,1792,58592,789.7,CUDA_KERNEL,"void at::native::elementwise_kernel<(int)128, (int)2, void at::native::gpu_kernel_impl_nocast<at::native::AUnaryFunctor<long, long, long, at::native::BitwiseAndFunctor<long>>>(at::TensorIteratorBase &, const T1 &)::[lambda(int) (instance 1)]>(int, T3)"
0.0,54879278,292,187942.7,70544.0,42848,590240,189528.2,CUDA_KERNEL,"void <unnamed>::softmax_warp_forward<c10::Half, float, float, (int)10, (bool)0, (bool)0, (int)32>(T2 *, const T1 *, int, int, int, const bool *, int, bool)"
0.0,53337861,8802,6059.7,6592.0,3072,9824,1179.3,CUDA_KERNEL,"void at::native::index_elementwise_kernel<(int)128, (int)4, void at::native::gpu_index_kernel<void at::native::index_put_kernel_impl<at::native::OpaqueType<(int)1>>(at::TensorIterator &, c10::ArrayRef<long>, c10::ArrayRef<long>)::[lambda(char *, const char *, long) (instance 1)]>(at::TensorIteratorBase &, c10::ArrayRef<long>, c10::ArrayRef<long>, const T1 &, bool)::[lambda(int) (instance 1)]>(long, T3)"
0.0,52596040,19412,2709.5,2560.0,1728,163265,1576.1,CUDA_KERNEL,"void at::native::roll_cuda_kernel<float>(const T1 *, T1 *, long, long, long, long, long, long)"
0.0,52342373,43564,1201.5,1120.0,1056,85185,484.1,MEMORY_OPER,[CUDA memset]
0.0,51910556,4,12977639.0,12945367.5,12874560,13145261,117238.2,CUDA_KERNEL,void cutlass::Kernel2<cutlass_80_simt_sgemm_64x128_8x5_nt_align1>(T1::Params)
0.0,50784620,4,12696155.0,12695755.5,12694334,12698775,1906.5,CUDA_KERNEL,ampere_sgemm_128x64_tn
0.0,48628550,16,3039284.4,2424017.0,852897,7723388,1934516.7,CUDA_KERNEL,"void at::native::<unnamed>::cunn_SoftMaxBackward<(int)4, float, float, float, at::native::<unnamed>::LogSoftMaxBackwardEpilogue>(T2 *, const T4 *, const T4 *, long)"
0.0,47704423,16,2981526.4,2370321.5,833472,7608700,1908628.1,CUDA_KERNEL,"void at::native::<unnamed>::cunn_SoftMaxForward<(int)4, float, float, float, at::native::<unnamed>::SoftMaxForwardEpilogue>(T4 *, const T2 *, int)"
0.0,47331268,16,2958204.3,2347889.5,838528,7527036,1883799.9,CUDA_KERNEL,"void at::native::<unnamed>::cunn_SoftMaxForward<(int)4, float, float, float, at::native::<unnamed>::LogSoftMaxForwardEpilogue>(T4 *, const T2 *, int)"
0.0,47223979,16561,2851.5,2272.0,1664,1424927,20299.0,CUDA_KERNEL,"void at::native::vectorized_elementwise_kernel<(int)4, at::native::BinaryFunctor<c10::Half, c10::Half, bool, at::native::<unnamed>::CompareEqFunctor<c10::Half>>, std::array<char *, (unsigned long)3>>(int, T2, T3)"
0.0,46732938,2816,16595.5,9504.0,5568,137056,19559.1,CUDA_KERNEL,"void at::native::<unnamed>::CatArrayBatchedCopy<at::native::<unnamed>::OpaqueType<(unsigned int)2>, unsigned int, (int)4, (int)64, (int)64>(T1 *, at::native::<unnamed>::CatArrInputTensorMetadata<T1, T2, T4, T5>, at::native::<unnamed>::TensorSizeStride<T2, (unsigned int)4>, int, T2)"
0.0,46717190,3840,12165.9,7744.0,2624,62656,12616.9,CUDA_KERNEL,"void at::native::vectorized_elementwise_kernel<(int)4, at::native::CUDAFunctor_add<c10::Half>, std::array<char *, (unsigned long)3>>(int, T2, T3)"
0.0,43750455,128,341800.4,163088.0,53728,1225855,370563.9,CUDA_KERNEL,void cutlass::Kernel2<cutlass_75_tensorop_f16_s1688gemm_f16_256x128_nt_align1>(T1::Params)
0.0,43467248,15409,2820.9,2240.0,1632,1410496,20953.4,CUDA_KERNEL,"void at::native::vectorized_elementwise_kernel<(int)4, at::native::AUnaryFunctor<c10::Half, c10::Half, bool, at::native::<unnamed>::CompareEqFunctor<c10::Half>>, std::array<char *, (unsigned long)2>>(int, T2, T3)"
0.0,43333455,24592,1762.1,1696.0,1536,45376,407.3,CUDA_KERNEL,"void at::native::vectorized_elementwise_kernel<(int)4, void at::native::compare_scalar_kernel<float>(at::TensorIteratorBase &, at::native::<unnamed>::OpType, T1)::[lambda(float) (instance 1)], std::array<char *, (unsigned long)2>>(int, T2, T3)"
0.0,41137503,600,68562.5,66784.0,58560,97344,9163.7,CUDA_KERNEL,void cutlass::Kernel2<cutlass_80_tensorop_f16_s16816gemm_relu_f16_256x64_32x4_tn_align8>(T1::Params)
0.0,39133290,16,2445830.6,2447390.5,2437630,2454527,6074.8,CUDA_KERNEL,"void at::native::<unnamed>::cunn_SoftMaxBackward<(int)4, c10::Half, float, float, at::native::<unnamed>::SoftMaxBackwardEpilogue>(T2 *, const T4 *, const T4 *, long)"
0.0,37195786,2972,12515.4,9312.0,3360,61824,8989.6,CUDA_KERNEL,"void at::native::reduce_kernel<(int)512, (int)1, at::native::ReduceOp<float, at::native::MeanOps<float, float, float, float>, unsigned int, float, (int)4, (int)4>>(T3)"
0.0,36762364,11494,3198.4,3328.0,1760,55777,1910.0,CUDA_KERNEL,"void at::native::unrolled_elementwise_kernel<at::native::direct_copy_kernel_cuda(at::TensorIteratorBase &)::[lambda() (instance 3)]::operator ()() const::[lambda() (instance 4)]::operator ()() const::[lambda(long) (instance 1)], std::array<char *, (unsigned long)2>, (int)4, TrivialOffsetCalculator<(int)1, unsigned int>, TrivialOffsetCalculator<(int)1, unsigned int>, at::native::memory::LoadWithCast<(int)1>, at::native::memory::StoreWithCast<(int)1>>(int, T1, T2, T4, T5, T6, T7)"
0.0,33211366,19,1747966.6,1765792.0,582721,2909248,661310.7,CUDA_KERNEL,"void at::native::vectorized_elementwise_kernel<(int)4, at::native::BinaryFunctor<float, float, float, at::native::binary_internal::DivFunctor<float>>, std::array<char *, (unsigned long)3>>(int, T2, T3)"
0.0,31860793,1152,27656.9,13664.0,3520,156192,31851.1,CUDA_KERNEL,"void at::native::vectorized_elementwise_kernel<(int)4, at::native::<unnamed>::silu_kernel(at::TensorIteratorBase &)::[lambda() (instance 1)]::operator ()() const::[lambda() (instance 5)]::operator ()() const::[lambda(c10::Half) (instance 1)], std::array<char *, (unsigned long)2>>(int, T2, T3)"
0.0,31432342,128,245565.2,102544.0,28224,984703,302296.3,CUDA_KERNEL,void cutlass::Kernel2<cutlass_75_tensorop_f16_s1688gemm_f16_64x64_nt_align1>(T1::Params)
0.0,30788484,16,1924280.3,1533713.0,477824,4961086,1274629.5,CUDA_KERNEL,"void <unnamed>::indexing_backward_kernel<c10::Half, (int)4>(const long *, const long *, const T1 *, T1 *, long, long, long, long, bool)"
0.0,30683197,278,110371.2,11040.0,7424,3583242,579184.6,CUDA_KERNEL,ampere_sgemm_64x32_sliced1x4_nn
0.0,30495546,14980,2035.8,2048.0,1632,6592,208.3,CUDA_KERNEL,"void at::native::vectorized_elementwise_kernel<(int)4, at::native::bitwise_not_kernel_cuda(at::TensorIteratorBase &)::[lambda(bool) (instance 1)], std::array<char *, (unsigned long)2>>(int, T2, T3)"
0.0,30346470,15846,1915.1,1760.0,1600,45856,2154.2,CUDA_KERNEL,"void at::native::vectorized_elementwise_kernel<(int)4, void at::native::compare_scalar_kernel<long>(at::TensorIteratorBase &, at::native::<unnamed>::OpType, T1)::[lambda(long) (instance 1)], std::array<char *, (unsigned long)2>>(int, T2, T3)"
0.0,29894130,2846,10503.9,4256.0,2368,85056,15260.4,CUDA_KERNEL,"void at::native::vectorized_elementwise_kernel<(int)4, void at::native::<unnamed>::pow_tensor_scalar_kernel_impl<float, float>(at::TensorIteratorBase &, T2)::[lambda(float) (instance 1)], std::array<char *, (unsigned long)2>>(int, T2, T3)"
0.0,29091157,595,48892.7,32384.0,8960,141441,29908.5,CUDA_KERNEL,void cutlass::Kernel2<cutlass_80_tensorop_f16_s16816gemm_relu_f16_128x128_32x5_tn_align8>(T1::Params)
0.0,28818548,1502,19186.8,18240.0,9504,62912,6047.7,CUDA_KERNEL,ampere_fp16_s16816gemm_fp16_128x64_ldg8_f2f_stages_64x4_tn
0.0,28709676,703,40838.8,21984.0,3936,999392,102158.3,CUDA_KERNEL,"void at::native::reduce_kernel<(int)512, (int)1, at::native::ReduceOp<float, at::native::func_wrapper_t<float, at::native::sum_functor<float, float, float>::operator ()(at::TensorIterator &)::[lambda(float, float) (instance 1)]>, unsigned int, float, (int)4, (int)4>>(T3)"
0.0,28265133,574,49242.4,59824.5,26560,106656,19860.8,CUDA_KERNEL,ampere_fp16_s16816gemm_fp16_128x128_ldg8_f2f_stages_64x3_tn
0.0,27930011,20413,1368.2,1376.0,1248,2528,93.5,CUDA_KERNEL,"void <unnamed>::elementwise_kernel_with_index<int, at::native::arange_cuda_out(const c10::Scalar &, const c10::Scalar &, const c10::Scalar &, at::Tensor &)::[lambda() (instance 1)]::operator ()() const::[lambda() (instance 4)]::operator ()() const::[lambda(long) (instance 1)]>(T1, T2, function_traits<T2>::result_type *)"
0.0,27893433,48,581113.2,554160.0,390272,799808,167549.2,CUDA_KERNEL,"void <unnamed>::softmax_warp_backward<float, c10::Half, float, (int)10, (bool)0, (bool)0, (int)32>(T2 *, const T1 *, const T1 *, int, int, int, const bool *)"
0.0,27694792,7668,3611.7,3392.0,2208,270497,5217.1,CUDA_KERNEL,"<unnamed>::qvq_yaqa_feedback_epilogue_kernel(const float *, const float *, const float *, const float *, const float *, float *, int, int, int, int, int)"
0.0,27355559,8,3419444.9,3420841.0,3412236,3423588,4149.2,CUDA_KERNEL,ampere_sgemm_128x64_lower_nt
0.0,27243887,496,54927.2,21664.5,12928,190336,56219.9,CUDA_KERNEL,"void <unnamed>::softmax_warp_forward<c10::Half, float, float, (int)9, (bool)0, (bool)0, (int)32>(T2 *, const T1 *, int, int, int, const bool *, int, bool)"
0.0,26670894,10240,2604.6,2592.0,2336,3040,134.5,CUDA_KERNEL,"void at::native::unrolled_elementwise_kernel<at::native::BinaryFunctor<float, float, float, at::native::maximum_kernel_cuda(at::TensorIteratorBase &)::[lambda() (instance 2)]::operator ()() const::[lambda() (instance 2)]::operator ()() const::[lambda(float, float) (instance 1)]>, std::array<char *, (unsigned long)3>, (int)4, TrivialOffsetCalculator<(int)2, unsigned int>, TrivialOffsetCalculator<(int)1, unsigned int>, at::native::memory::LoadWithCast<(int)2>, at::native::memory::StoreWithCast<(int)1>>(int, T1, T2, T4, T5, T6, T7)"
0.0,23487062,327,71825.9,34464.0,9536,252481,80480.7,CUDA_KERNEL,void cutlass::Kernel2<cutlass_80_tensorop_f16_s16816gemm_f16_64x128_64x3_nn_align2>(T1::Params)
0.0,22953220,454,50557.8,27904.0,2176,370624,59664.9,CUDA_KERNEL,"void at::native::elementwise_kernel<(int)128, (int)2, void at::native::gpu_kernel_impl_nocast<at::native::<unnamed>::where_kernel_impl(at::TensorIterator &)::[lambda() (instance 1)]::operator ()() const::[lambda() (instance 3)]::operator ()() const::[lambda(bool, unsigned int, unsigned int) (instance 1)]>(at::TensorIteratorBase &, const T1 &)::[lambda(int) (instance 1)]>(int, T3)"
0.0,22682551,3328,6815.7,4544.0,3488,43136,6200.9,CUDA_KERNEL,"void at::native::elementwise_kernel<(int)128, (int)4, void at::native::gpu_kernel_impl_nocast<at::native::neg_kernel_cuda(at::TensorIteratorBase &)::[lambda() (instance 2)]::operator ()() const::[lambda() (instance 8)]::operator ()() const::[lambda(c10::Half) (instance 1)]>(at::TensorIteratorBase &, const T1 &)::[lambda(int) (instance 1)]>(int, T3)"
0.0,21485716,67,320682.3,203168.0,200768,3444931,561601.7,CUDA_KERNEL,ampere_fp16_s16816gemm_fp16_128x256_ldg8_f2f_stages_64x3_nn
0.0,20118129,12804,1571.2,1568.0,1280,3648,161.3,CUDA_KERNEL,"void at::native::vectorized_elementwise_kernel<(int)4, at::native::FillFunctor<int>, std::array<char *, (unsigned long)1>>(int, T2, T3)"
0.0,20056945,316,63471.3,50544.0,9120,139649,51504.3,CUDA_KERNEL,void cutlass::Kernel2<cutlass_80_simt_sgemm_128x32_8x5_nn_align1>(T1::Params)
0.0,19968902,264,75639.8,46672.5,38112,245056,70503.9,CUDA_KERNEL,ampere_sgemm_32x32_sliced1x4_nt
0.0,19280932,24,803372.2,933617.5,143200,954689,300558.4,CUDA_KERNEL,ampere_sgemm_128x32_tn
0.0,19168150,58,330485.3,8816.0,4320,1324964,513490.8,CUDA_KERNEL,"void at::native::reduce_kernel<(int)512, (int)1, at::native::ReduceOp<long, at::native::func_wrapper_t<long, at::native::sum_functor<long, long, long>::operator ()(at::TensorIterator &)::[lambda(long, long) (instance 1)]>, unsigned int, long, (int)4, (int)4>>(T3)"
0.0,19078796,115,165902.6,56160.0,55360,341024,124852.2,CUDA_KERNEL,ampere_fp16_s16816gemm_fp16_256x128_ldg8_f2f_stages_32x3_tn
0.0,18668258,256,72922.9,55888.0,22112,230336,51737.1,CUDA_KERNEL,"void at::native::vectorized_elementwise_kernel<(int)4, at::native::<unnamed>::silu_backward_kernel(at::TensorIteratorBase &)::[lambda() (instance 1)]::operator ()() const::[lambda() (instance 3)]::operator ()() const::[lambda(c10::Half, c10::Half) (instance 1)], std::array<char *, (unsigned long)3>>(int, T2, T3)"
0.0,17853685,164,108863.9,10032.0,2176,1032964,265173.1,CUDA_KERNEL,"void at::native::vectorized_elementwise_kernel<(int)2, at::native::AUnaryFunctor<long, long, long, at::native::BitwiseAndFunctor<long>>, std::array<char *, (unsigned long)2>>(int, T2, T3)"
0.0,16901125,1306,12941.1,12544.0,11712,40064,1976.3,CUDA_KERNEL,ampere_fp16_s16816gemm_fp16_64x64_sliced1x2_ldg8_f2f_stages_64x5_tn
0.0,16668000,10486,1589.5,1472.0,1312,29824,970.2,CUDA_KERNEL,"void at::native::vectorized_elementwise_kernel<(int)2, at::native::FillFunctor<long>, std::array<char *, (unsigned long)1>>(int, T2, T3)"
0.0,16653384,7668,2171.8,2144.0,1440,5536,164.4,CUDA_KERNEL,"<unnamed>::qvq_yaqa_grouped_pointers_kernel(const float *, const float *, float *, float **, float **, float **, int, int, int, int, int, int)"
0.0,16260163,19,855798.1,915648.0,273056,1486176,341877.1,CUDA_KERNEL,"void at::native::<unnamed>::distribution_elementwise_grid_stride_kernel<float, (int)4, void at::native::templates::cuda::uniform_and_transform<float, float, at::CUDAGeneratorImpl *, void at::native::templates::cuda::exponential_kernel<at::CUDAGeneratorImpl *>(at::TensorIteratorBase &, double, T1)::[lambda() (instance 1)]::operator ()() const::[lambda() (instance 2)]::operator ()() const::[lambda(float) (instance 1)]>(at::TensorIteratorBase &, T3, T4)::[lambda(curandStatePhilox4_32_10 *) (instance 2)], void at::native::<unnamed>::distribution_nullary_kernel<float, float, float4, at::CUDAGeneratorImpl *, void at::native::templates::cuda::uniform_and_transform<float, float, at::CUDAGeneratorImpl *, void at::native::templates::cuda::exponential_kernel<at::CUDAGeneratorImpl *>(at::TensorIteratorBase &, double, T1)::[lambda() (instance 1)]::operator ()() const::[lambda() (instance 2)]::operator ()() const::[lambda(float) (instance 1)]>(at::TensorIteratorBase &, T3, T4)::[lambda(curandStatePhilox4_32_10 *) (instance 2)], void at::native::templates::cuda::exponential_kernel<at::CUDAGeneratorImpl *>(at::TensorIteratorBase &, double, T1)::[lambda() (instance 1)]::operator ()() const::[lambda() (instance 2)]::operator ()() const::[lambda(float) (instance 1)]>(at::TensorIteratorBase &, T4, const T5 &, T6)::[lambda(int, float) (instance 1)]>(long, at::PhiloxCudaState, T3, T4)"
0.0,15851726,56,283066.5,67456.5,3520,1053796,412897.9,CUDA_KERNEL,"void at::native::elementwise_kernel<(int)128, (int)2, void at::native::gpu_kernel_impl_nocast<at::native::BinaryFunctor<long, long, long, at::native::lshift_kernel_cuda(at::TensorIteratorBase &)::[lambda() (instance 1)]::operator ()() const::[lambda() (instance 4)]::operator ()() const::[lambda(long, long) (instance 1)]>>(at::TensorIteratorBase &, const T1 &)::[lambda(int) (instance 1)]>(int, T3)"
0.0,15732871,56,280944.1,54800.0,4896,1044866,408994.9,CUDA_KERNEL,"void at::native::elementwise_kernel<(int)128, (int)2, void at::native::gpu_kernel_impl_nocast<at::native::BinaryFunctor<long, long, long, at::native::rshift_kernel_cuda(at::TensorIteratorBase &)::[lambda() (instance 1)]::operator ()() const::[lambda() (instance 4)]::operator ()() const::[lambda(long, long) (instance 1)]>>(at::TensorIteratorBase &, const T1 &)::[lambda(int) (instance 1)]>(int, T3)"
0.0,15400138,705,21844.2,1952.0,1280,911679,94512.1,CUDA_KERNEL,"void at::native::vectorized_elementwise_kernel<(int)4, at::native::FillFunctor<float>, std::array<char *, (unsigned long)1>>(int, T2, T3)"
0.0,15390179,1430,10762.4,2368.0,1440,252321,22275.4,CUDA_KERNEL,"void at::native::vectorized_elementwise_kernel<(int)4, at::native::AUnaryFunctor<float, float, float, at::native::binary_internal::MulFunctor<float>>, std::array<char *, (unsigned long)2>>(int, T2, T3)"
0.0,14940933,80,186761.7,167120.0,108640,284864,60743.7,CUDA_KERNEL,"void <unnamed>::softmax_warp_backward<float, c10::Half, float, (int)9, (bool)0, (bool)0, (int)32>(T2 *, const T1 *, const T1 *, int, int, int, const bool *)"
0.0,14885125,7668,1941.2,1952.0,1440,5664,129.7,CUDA_KERNEL,"<unnamed>::qvq_yaqa_update_grouped_pointers_kernel(float *, float *, const float *, const float *, const float *, float **, float **, float **, int, int, int, int, int, int)"
0.0,14177201,3728,3802.9,3264.0,2272,35424,2116.7,CUDA_KERNEL,"void at::native::vectorized_gather_kernel<(int)16, long>(char *, char *, T2 *, int, long, long, long, long, bool)"
0.0,14133260,2560,5520.8,5696.0,4352,6529,505.8,CUDA_KERNEL,"void at::native::unrolled_elementwise_kernel<at::native::CUDAFunctor_add<float>, std::array<char *, (unsigned long)3>, (int)4, TrivialOffsetCalculator<(int)2, unsigned int>, TrivialOffsetCalculator<(int)1, unsigned int>, at::native::memory::LoadWithCast<(int)2>, at::native::memory::StoreWithCast<(int)1>>(int, T1, T2, T4, T5, T6, T7)"
0.0,13715589,46,298165.0,72816.0,5824,920578,373075.3,CUDA_KERNEL,"void at::native::index_elementwise_kernel<(int)128, (int)4, void at::native::gpu_index_kernel<void at::native::index_kernel_impl<at::native::OpaqueType<(int)8>>(at::TensorIteratorBase &, c10::ArrayRef<long>, c10::ArrayRef<long>)::[lambda(char *, const char *, long) (instance 1)]>(at::TensorIteratorBase &, c10::ArrayRef<long>, c10::ArrayRef<long>, const T1 &, bool)::[lambda(int) (instance 1)]>(long, T3)"
0.0,12959568,275,47125.7,44448.0,26688,90848,14581.1,CUDA_KERNEL,sm80_xmma_gemm_f16f16_f16f32_f32_tn_n_tilesize96x128x32_stage4_warpsize2x2x1_tensor16x8x16_execute_kernel__5x_cublas
0.0,12099199,19,636799.9,643360.0,231104,1052703,229305.4,CUDA_KERNEL,"void at::native::reduce_kernel<(int)512, (int)1, at::native::ReduceOp<float, at::native::ArgMaxOps<float>, unsigned int, long, (int)4, (int)4>>(T3)"
0.0,11899745,528,22537.4,17392.0,8544,65920,14460.7,CUDA_KERNEL,"void at::native::elementwise_kernel<(int)128, (int)2, void at::native::gpu_kernel_impl_nocast<at::native::BUnaryFunctor<float, float, float, at::native::binary_internal::MulFunctor<float>>>(at::TensorIteratorBase &, const T1 &)::[lambda(int) (instance 1)]>(int, T3)"
0.0,11693248,19,615434.1,622752.0,215329,1020480,224070.7,CUDA_KERNEL,"void at::native::reduce_kernel<(int)512, (int)1, at::native::ReduceOp<float, at::native::MinMaxOps<float, float, int>, unsigned int, float, (int)4, (int)4>>(T3)"
0.0,11298628,486,23248.2,9792.0,6016,63456,19923.5,CUDA_KERNEL,"void <unnamed>::softmax_warp_forward<c10::Half, float, float, (int)8, (bool)0, (bool)0, (int)32>(T2 *, const T1 *, int, int, int, const bool *, int, bool)"
0.0,11117599,1185,9381.9,3520.0,1376,718432,46375.1,CUDA_KERNEL,"void at::native::vectorized_elementwise_kernel<(int)4, at::native::FillFunctor<c10::Half>, std::array<char *, (unsigned long)1>>(int, T2, T3)"
0.0,9876524,3412,2894.6,2944.0,1728,3296,264.6,CUDA_KERNEL,"void at::native::elementwise_kernel<(int)128, (int)2, void at::native::gpu_kernel_impl_nocast<at::native::CUDAFunctor_add<long>>(at::TensorIteratorBase &, const T1 &)::[lambda(int) (instance 1)]>(int, T3)"
0.0,9682648,2574,3761.7,3616.0,2912,21344,916.2,CUDA_KERNEL,"void at::native::elementwise_kernel<(int)128, (int)4, void at::native::gpu_kernel_impl_nocast<at::native::direct_copy_kernel_cuda(at::TensorIteratorBase &)::[lambda() (instance 3)]::operator ()() const::[lambda() (instance 1)]::operator ()() const::[lambda(unsigned char) (instance 1)]>(at::TensorIteratorBase &, const T1 &)::[lambda(int) (instance 1)]>(int, T3)"
0.0,9592369,5355,1791.3,1728.0,1568,13920,700.5,CUDA_KERNEL,"void at::native::vectorized_elementwise_kernel<(int)4, at::native::BinaryFunctor<bool, bool, bool, at::native::BitwiseOrFunctor<bool>>, std::array<char *, (unsigned long)3>>(int, T2, T3)"
0.0,9524814,3616,2634.1,2560.0,2304,5152,221.5,CUDA_KERNEL,"void at_cuda_detail::cub::detail::select::DeviceSelectSweepKernel<at_cuda_detail::cub::detail::select::policy_hub<long, bool, int, (bool)0, (at_cuda_detail::cub::SelectImpl)0>::Policy1000, thrust::_V_300200_SM_750_800_860_900_1000_1200::counting_iterator<long, thrust::_V_300200_SM_750_800_860_900_1000_1200::use_default, thrust::_V_300200_SM_750_800_860_900_1000_1200::use_default, thrust::_V_300200_SM_750_800_860_900_1000_1200::use_default, thrust::_V_300200_SM_750_800_860_900_1000_1200::compile_time_value<(int)1>>, thrust::_V_300200_SM_750_800_860_900_1000_1200::transform_iterator<at::native::<unnamed>::NonZeroOp<bool>, const bool *, thrust::_V_300200_SM_750_800_860_900_1000_1200::use_default, thrust::_V_300200_SM_750_800_860_900_1000_1200::use_default>, long *, int *, at_cuda_detail::cub::ScanTileState<int, (bool)1>, at_cuda_detail::cub::NullType, at_cuda_detail::cub::NullType, int, at_cuda_detail::cub::detail::select::streaming_context_t<long, (bool)1>, (at_cuda_detail::cub::SelectImpl)0>(T2, T3, T4, T5, T6, T7, T8, T9, int, T10, at_cuda_detail::cub::detail::vsmem_t)"
0.0,9082165,864,10511.8,9920.5,8736,13408,1280.2,CUDA_KERNEL,sm80_xmma_gemm_f16f16_f16f32_f32_tn_n_tilesize32x32x64_stage6_warpsize2x2x1_tensor16x8x16_execute_kernel__5x_cublas
0.0,9036594,5197,1738.8,1664.0,1504,64352,2113.8,CUDA_KERNEL,"void at::native::vectorized_elementwise_kernel<(int)2, at::native::AUnaryFunctor<long, long, long, at::native::binary_internal::MulFunctor<long>>, std::array<char *, (unsigned long)2>>(int, T2, T3)"
0.0,8838364,22,401743.8,71664.5,3840,3841227,1112674.8,CUDA_KERNEL,ampere_sgemm_32x128_tn
0.0,8350897,3500,2386.0,2336.0,1760,5760,374.8,CUDA_KERNEL,"void at::native::vectorized_elementwise_kernel<(int)4, void at::native::compare_scalar_kernel<c10::Half>(at::TensorIteratorBase &, at::native::<unnamed>::OpType, T1)::[lambda(c10::Half) (instance 1)], std::array<char *, (unsigned long)2>>(int, T2, T3)"
0.0,8233559,2122,3880.1,3360.0,2496,16384,2163.3,CUDA_KERNEL,"void cublasLt::splitKreduce_kernel<(int)32, (int)16, int, float, float, float, float, (bool)0, float, float, float, (bool)1, (bool)0, (bool)0, (bool)0>(cublasLt::cublasSplitKParams<T6>, const T4 *, const T10 *, T9 *, T5 *, const T6 *, const T6 *, const T11 *, const T4 *, T11 *, void *, long, T6 *, int *, T6 *, T6 *, const T6 *, const T6 *, const T6 *, const T6 *, const T6 *)"
0.0,8053013,44,183023.0,47024.0,2304,832321,307773.9,CUDA_KERNEL,"void at::native::triu_tril_kernel<float, int, (bool)0, (int)2, (bool)1>(at::cuda::detail::TensorInfo<T1, T2>, at::cuda::detail::TensorInfo<const T1, T2>, long, long, T2)"
0.0,8041171,3608,2228.7,1984.0,1600,5120,579.0,CUDA_KERNEL,"void at_cuda_detail::cub::detail::reduce::DeviceReduceSingleTileKernel<at_cuda_detail::cub::detail::reduce::policy_hub<int, unsigned long long, cuda::std::__4::plus<void>>::Policy1000, thrust::_V_300200_SM_750_800_860_900_1000_1200::transform_iterator<at::native::<unnamed>::NonZeroOp<bool>, const bool *, thrust::_V_300200_SM_750_800_860_900_1000_1200::use_default, thrust::_V_300200_SM_750_800_860_900_1000_1200::use_default>, int *, unsigned long long, cuda::std::__4::plus<void>, int, int, cuda::std::__4::identity>(T2, T3, T4, T5, T6, T8)"
0.0,7997253,64,124957.1,114816.0,27584,248896,98100.7,CUDA_KERNEL,void cutlass::Kernel2<cutlass_80_tensorop_f16_s16816gemm_relu_f16_128x128_32x5_nn_align8>(T1::Params)
0.0,7852161,256,30672.5,24512.0,10880,85183,18468.2,CUDA_KERNEL,"void at::native::reduce_kernel<(int)512, (int)1, at::native::ReduceOp<c10::Half, at::native::func_wrapper_t<c10::Half, at::native::sum_functor<c10::Half, float, c10::Half>::operator ()(at::TensorIterator &)::[lambda(float, float) (instance 1)]>, unsigned int, c10::Half, (int)4, (int)8>>(T3)"
0.0,7301673,112,65193.5,44576.0,15680,168897,49338.6,CUDA_KERNEL,sm80_xmma_gemm_f16f16_f16f32_f32_nn_n_tilesize192x128x32_stage3_warpsize4x2x1_tensor16x8x16_execute_kernel__5x_cublas
0.0,6755159,194,34820.4,34976.0,31488,39776,2627.2,CUDA_KERNEL,ampere_fp16_s16816gemm_fp16_256x64_ldg8_f2f_stages_64x3_tn
0.0,6727538,2616,2571.7,1792.0,1664,72256,6669.5,CUDA_KERNEL,"void at::native::vectorized_elementwise_kernel<(int)4, at::native::BinaryFunctor<long, long, bool, at::native::<unnamed>::CompareEqFunctor<long>>, std::array<char *, (unsigned long)3>>(int, T2, T3)"
0.0,6373710,122,52243.5,45344.0,42848,134368,24351.5,CUDA_KERNEL,sm80_xmma_gemm_f16f16_f16f32_f32_tn_n_tilesize192x128x32_stage3_warpsize4x2x1_tensor16x8x16_execute_kernel__5x_cublas
0.0,6162641,64,96291.3,21568.5,20896,326178,130611.1,CUDA_KERNEL,"std::enable_if<!T7, void>::type internal::gemvx::kernel<int, int, float, float, float, float, (bool)0, (bool)1, (bool)1, (bool)0, (int)7, (bool)0, cublasGemvParamsEx<int, cublasGemvTensorStridedBatched<const float>, cublasGemvTensorStridedBatched<const float>, cublasGemvTensorStridedBatched<float>, float>>(T13)"
0.0,6077923,192,31655.8,23392.0,16384,66560,17583.5,CUDA_KERNEL,sm80_xmma_gemm_f16f16_f16f32_f32_nn_n_tilesize96x128x32_stage4_warpsize2x2x1_tensor16x8x16_execute_kernel__5x_cublas
0.0,6076531,2560,2373.6,2176.0,2016,3360,447.4,CUDA_KERNEL,"void at::native::elementwise_kernel<(int)128, (int)2, void at::native::gpu_kernel_impl_nocast<at::native::BUnaryFunctor<long, long, long, at::native::rshift_kernel_cuda(at::TensorIteratorBase &)::[lambda() (instance 1)]::operator ()() const::[lambda() (instance 4)]::operator ()() const::[lambda(long, long) (instance 1)]>>(at::TensorIteratorBase &, const T1 &)::[lambda(int) (instance 1)]>(int, T3)"
0.0,6069578,334,18172.4,9728.0,5952,90432,25852.2,CUDA_KERNEL,ampere_sgemm_32x32_sliced1x4_nn
0.0,5940774,2832,2097.7,2080.0,1664,2784,190.0,CUDA_KERNEL,"void at::native::vectorized_elementwise_kernel<(int)4, at::native::rsqrt_kernel_cuda(at::TensorIteratorBase &)::[lambda() (instance 2)]::operator ()() const::[lambda() (instance 2)]::operator ()() const::[lambda(float) (instance 1)], std::array<char *, (unsigned long)2>>(int, T2, T3)"
0.0,5896577,64,92134.0,71600.0,26080,201536,70936.8,CUDA_KERNEL,void cutlass::Kernel2<cutlass_80_tensorop_f16_s16816gemm_f16_256x64_32x4_nt_align2>(T1::Params)
0.0,5892501,224,26305.8,22816.0,20640,31649,4440.9,CUDA_KERNEL,ampere_fp16_s16816gemm_fp16_128x64_ldg8_f2f_stages_64x3_tn
0.0,5891624,2832,2080.4,1984.0,1536,3360,275.1,CUDA_KERNEL,"void at::native::vectorized_elementwise_kernel<(int)4, at::native::CUDAFunctorOnSelf_add<float>, std::array<char *, (unsigned long)2>>(int, T2, T3)"
0.0,5860129,64,91564.5,71136.0,27072,196512,68874.4,CUDA_KERNEL,void cutlass::Kernel2<cutlass_80_tensorop_f16_s16816gemm_f16_64x256_32x4_nt_align2>(T1::Params)
0.0,5746915,96,59863.7,58912.0,34880,90752,18056.1,CUDA_KERNEL,"void <unnamed>::softmax_warp_backward<float, c10::Half, float, (int)8, (bool)0, (bool)0, (int)32>(T2 *, const T1 *, const T1 *, int, int, int, const bool *)"
0.0,5569568,128,43512.3,42896.0,34017,55552,8550.3,CUDA_KERNEL,void cutlass::Kernel2<cutlass_80_tensorop_f16_s16816gemm_relu_f16_128x128_32x4_tn_align8>(T1::Params)
0.0,5494784,64,85856.0,85520.0,83872,87648,751.7,CUDA_KERNEL,sm80_xmma_gemm_f16f16_f16f32_f32_tn_n_tilesize128x128x32_stage4_warpsize2x2x1_tensor16x8x16_execute_kernel__5x_cublas
0.0,5416844,126,42990.8,11568.0,1600,259968,73794.1,CUDA_KERNEL,"void at::native::vectorized_elementwise_kernel<(int)4, at::native::BUnaryFunctor<float, float, float, at::native::binary_internal::MulFunctor<float>>, std::array<char *, (unsigned long)2>>(int, T2, T3)"
0.0,5375010,64,83984.5,83904.0,82561,86112,821.0,CUDA_KERNEL,void cutlass::Kernel2<cutlass_80_tensorop_f16_s16816gemm_relu_f16_128x128_32x4_nn_align8>(T1::Params)
0.0,5290725,32,165335.2,165152.0,162176,170432,2161.7,CUDA_KERNEL,sm80_xmma_gemm_f16f16_f16f32_f32_nn_n_tilesize160x128x32_stage3_warpsize2x2x1_tensor16x8x16_execute_kernel__5x_cublas
0.0,4981189,3616,1377.5,1344.0,1184,1952,164.4,CUDA_KERNEL,"void at_cuda_detail::cub::detail::scan::DeviceCompactInitKernel<at_cuda_detail::cub::ScanTileState<int, (bool)1>, int *>(T1, int, T2)"
0.0,4883084,315,15501.9,14208.0,8544,25152,4721.8,CUDA_KERNEL,"void at::native::reduce_kernel<(int)128, (int)4, at::native::ReduceOp<bool, at::native::func_wrapper_t<bool, at::native::or_kernel_cuda(at::TensorIterator &)::[lambda() (instance 1)]::operator ()() const::[lambda() (instance 12)]::operator ()() const::[lambda(bool, bool) (instance 1)]>, unsigned int, bool, (int)4, (int)4>>(T3)"
0.0,4720163,104,45386.2,20320.0,9856,85536,32614.4,CUDA_KERNEL,ampere_fp16_s16816gemm_fp16_64x128_sliced1x2_ldg8_f2f_stages_64x3_nn
0.0,4597314,64,71833.0,71840.0,70944,73408,372.4,CUDA_KERNEL,sm80_xmma_gemm_f16f16_f16f32_f32_tn_n_tilesize160x128x32_stage4_warpsize2x2x1_tensor16x8x16_execute_kernel__5x_cublas
0.0,4269896,7,609985.1,609922.0,609825,610241,162.1,CUDA_KERNEL,"void at::native::<unnamed>::cunn_SoftMaxForwardSmem<(int)8, c10::Half, float, float, at::native::<unnamed>::SoftMaxForwardEpilogue, long>(T4 *, const T2 *, T6)"
0.0,4238594,256,16557.0,14608.0,8768,35040,6268.0,CUDA_KERNEL,"void at::native::reduce_kernel<(int)128, (int)4, at::native::ReduceOp<c10::Half, at::native::func_wrapper_t<c10::Half, at::native::sum_functor<c10::Half, float, c10::Half>::operator ()(at::TensorIterator &)::[lambda(float, float) (instance 1)]>, unsigned int, c10::Half, (int)4, (int)8>>(T3)"
0.0,4213324,140,30095.2,31072.0,19328,40993,7203.9,CUDA_KERNEL,ampere_sgemm_128x32_nt
0.0,4104685,105,39092.2,38976.0,38560,41664,434.2,CUDA_KERNEL,void cutlass::Kernel2<cutlass_80_tensorop_f16_s16816gemm_relu_f16_128x128_32x6_tn_align8>(T1::Params)
0.0,4082274,187,21830.3,27712.0,6560,40224,12743.1,CUDA_KERNEL,void cutlass::Kernel2<cutlass_80_tensorop_f16_s16816gemm_f16_64x64_32x6_nn_align2>(T1::Params)
0.0,3364713,172,19562.3,20320.0,11168,21312,2671.8,CUDA_KERNEL,"void at::native::<unnamed>::CatArrayBatchedCopy<at::native::<unnamed>::OpaqueType<(unsigned int)4>, unsigned int, (int)2, (int)64, (int)64>(T1 *, at::native::<unnamed>::CatArrInputTensorMetadata<T1, T2, T4, T5>, at::native::<unnamed>::TensorSizeStride<T2, (unsigned int)4>, int, T2)"
0.0,3161415,131,24132.9,26176.0,9408,37728,8882.0,CUDA_KERNEL,void cutlass::Kernel2<cutlass_80_tensorop_f16_s16816gemm_relu_f16_64x256_32x4_nn_align8>(T1::Params)
0.0,3104454,1708,1817.6,1824.0,1568,2784,145.6,CUDA_KERNEL,"void at::native::vectorized_elementwise_kernel<(int)2, at::native::CUDAFunctor_add<long>, std::array<char *, (unsigned long)3>>(int, T2, T3)"
0.0,2978374,306,9733.2,8480.0,6592,29793,4006.0,CUDA_KERNEL,"void at::native::reduce_kernel<(int)256, (int)2, at::native::ReduceOp<bool, at::native::func_wrapper_t<bool, at::native::or_kernel_cuda(at::TensorIterator &)::[lambda() (instance 1)]::operator ()() const::[lambda() (instance 12)]::operator ()() const::[lambda(bool, bool) (instance 1)]>, unsigned int, bool, (int)4, (int)4>>(T3)"
0.0,2485414,64,38834.6,38768.0,20352,58272,18015.7,CUDA_KERNEL,void cutlass::Kernel2<cutlass_80_tensorop_f16_s16816gemm_relu_f16_256x64_32x4_nn_align8>(T1::Params)
0.0,2397190,14,171227.9,76432.0,14752,342017,152502.2,CUDA_KERNEL,"void at::native::<unnamed>::CatArrayBatchedCopy_alignedK_contig<at::native::<unnamed>::OpaqueType<(unsigned int)8>, unsigned int, (int)3, (int)128, (int)1, (int)16>(T1 *, at::native::<unnamed>::CatArrInputTensorMetadata<T1, T2, T4, T5>, at::native::<unnamed>::TensorSizeStride<T2, (unsigned int)4>, int, T2)"
0.0,2359843,180,13110.2,13056.0,12736,13696,176.0,CUDA_KERNEL,ampere_fp16_s16816gemm_fp16_64x64_ldg8_f2f_stages_64x5_tn
0.0,2274375,179,12706.0,12416.0,12224,23425,1367.4,CUDA_KERNEL,ampere_fp16_s16816gemm_fp16_64x64_sliced1x2_ldg8_f2f_stages_64x6_tn
0.0,2149987,56,38392.6,32848.5,28512,80800,16308.7,CUDA_KERNEL,ampere_fp16_s1688gemm_fp16_256x64_ldg8_f2f_tn
0.0,2097568,48,43699.3,31680.0,26848,75392,19656.4,CUDA_KERNEL,void cutlass::Kernel2<cutlass_80_tensorop_f16_s16816gemm_relu_f16_64x256_32x4_nt_align8>(T1::Params)
0.0,2075652,56,37065.2,16256.0,2336,101600,43030.8,CUDA_KERNEL,"void at::native::vectorized_elementwise_kernel<(int)2, at::native::BinaryFunctor<long, long, long, at::native::BitwiseXorFunctor<long>>, std::array<char *, (unsigned long)3>>(int, T2, T3)"
0.0,1875298,62,30246.7,36208.0,8288,38272,11938.3,CUDA_KERNEL,ampere_fp16_s16816gemm_fp16_64x64_ldg8_f2f_tn
0.0,1857574,84,22114.0,22000.0,16160,28384,5911.0,CUDA_KERNEL,"void trsm_batch_left_upper_kernel_small<float, (int)16, (int)16, (int)64>(cublasTrsmBatchParams<T1>, const T1 *const *, T1 *const *, const T1 *, T1)"
0.0,1826820,71,25729.9,10240.0,2144,70880,28679.5,CUDA_KERNEL,"void at::native::vectorized_elementwise_kernel<(int)2, at::native::BUnaryFunctor<long, long, long, at::native::rshift_kernel_cuda(at::TensorIteratorBase &)::[lambda() (instance 1)]::operator ()() const::[lambda() (instance 4)]::operator ()() const::[lambda(long, long) (instance 1)]>, std::array<char *, (unsigned long)2>>(int, T2, T3)"
0.0,1397059,28,49895.0,19376.0,4096,102432,45245.9,CUDA_KERNEL,"void at::native::vectorized_elementwise_kernel<(int)2, at::native::BinaryFunctor<long, long, long, at::native::BitwiseOrFunctor<long>>, std::array<char *, (unsigned long)3>>(int, T2, T3)"
0.0,1374594,507,2711.2,1824.0,1504,70336,7373.3,CUDA_KERNEL,"void at::native::vectorized_elementwise_kernel<(int)2, at::native::CUDAFunctorOnSelf_add<long>, std::array<char *, (unsigned long)2>>(int, T2, T3)"
0.0,1316863,528,2494.1,2560.0,1696,3104,298.2,CUDA_KERNEL,"void at::native::vectorized_elementwise_kernel<(int)4, void at::native::<unnamed>::pow_tensor_scalar_kernel_impl<float, float>(at::TensorIteratorBase &, T2)::[lambda(float) (instance 2)], std::array<char *, (unsigned long)2>>(int, T2, T3)"
0.0,1243042,288,4316.1,3808.0,3360,43648,2785.4,CUDA_KERNEL,"void at::native::elementwise_kernel<(int)128, (int)4, void at::native::gpu_kernel_impl_nocast<at::native::BinaryFunctor<bool, bool, bool, at::native::BitwiseAndFunctor<bool>>>(at::TensorIteratorBase &, const T1 &)::[lambda(int) (instance 1)]>(int, T3)"
0.0,1240992,16,77562.0,77440.0,74720,81152,1904.1,CUDA_KERNEL,void cutlass::Kernel2<cutlass_80_tensorop_f16_s16816gemm_relu_f16_256x64_32x4_nt_align8>(T1::Params)
0.0,1128897,62,18208.0,21392.0,5760,22176,6308.0,CUDA_KERNEL,void cutlass::Kernel2<cutlass_80_wmma_tensorop_f16_s161616gemm_f16_32x32_64x1_tn_align2>(T1::Params)
0.0,1106691,14,79049.4,78672.0,72512,85696,6476.4,CUDA_KERNEL,void cutlass::Kernel2<cutlass_80_tensorop_f16_s16816gemm_f16_64x128_64x4_nn_align2>(T1::Params)
0.0,1070114,48,22294.0,22336.0,21344,23072,346.2,CUDA_KERNEL,void cutlass::Kernel2<cutlass_80_wmma_tensorop_f16_s161616gemm_f16_32x32_64x1_nn_align2>(T1::Params)
0.0,1017184,32,31787.0,32000.0,24992,39360,5134.8,CUDA_KERNEL,ampere_fp16_s16816gemm_fp16_128x64_ldg8_f2f_stages_32x6_nt
0.0,1013571,28,36199.0,31440.0,26144,56768,11615.6,CUDA_KERNEL,ampere_fp16_s16816gemm_fp16_64x64_sliced1x2_ldg8_f2f_stages_64x5_nn
0.0,888515,28,31732.7,10432.0,3744,67681,29215.7,CUDA_KERNEL,"void at::native::vectorized_elementwise_kernel<(int)2, at::native::BUnaryFunctor<long, long, long, at::native::lshift_kernel_cuda(at::TensorIteratorBase &)::[lambda() (instance 1)]::operator ()() const::[lambda() (instance 4)]::operator ()() const::[lambda(long, long) (instance 1)]>, std::array<char *, (unsigned long)2>>(int, T2, T3)"
0.0,828384,144,5752.7,5728.0,3392,8320,1218.7,CUDA_KERNEL,"void at::native::index_elementwise_kernel<(int)128, (int)4, void at::native::gpu_index_kernel<void at::native::index_kernel_impl<at::native::OpaqueType<(int)1>>(at::TensorIteratorBase &, c10::ArrayRef<long>, c10::ArrayRef<long>)::[lambda(char *, const char *, long) (instance 1)]>(at::TensorIteratorBase &, c10::ArrayRef<long>, c10::ArrayRef<long>, const T1 &, bool)::[lambda(int) (instance 1)]>(long, T3)"
0.0,819457,42,19510.9,5776.0,3552,55232,22554.3,CUDA_KERNEL,"void at::native::unrolled_elementwise_kernel<at::native::direct_copy_kernel_cuda(at::TensorIteratorBase &)::[lambda() (instance 3)]::operator ()() const::[lambda() (instance 3)]::operator ()() const::[lambda(int) (instance 1)], std::array<char *, (unsigned long)2>, (int)4, TrivialOffsetCalculator<(int)1, unsigned int>, TrivialOffsetCalculator<(int)1, unsigned int>, at::native::memory::LoadWithCast<(int)1>, at::native::memory::StoreWithCast<(int)1>>(int, T1, T2, T4, T5, T6, T7)"
0.0,809120,32,25285.0,25168.0,24608,26144,403.9,CUDA_KERNEL,sm80_xmma_gemm_f16f16_f16f32_f32_nn_n_tilesize160x128x32_stage4_warpsize2x2x1_tensor16x8x16_execute_kernel__5x_cublas
0.0,798433,154,5184.6,5312.0,3328,6176,641.6,CUDA_KERNEL,"void cublasLt::splitKreduce_kernel<(int)32, (int)16, int, __half, __half, float, __half, (bool)0, __half, __half, __half, (bool)1, (bool)0, (bool)0, (bool)0>(cublasLt::cublasSplitKParams<T6>, const T4 *, const T10 *, T9 *, T5 *, const T6 *, const T6 *, const T11 *, const T4 *, T11 *, void *, long, T6 *, int *, T6 *, T6 *, const T6 *, const T6 *, const T6 *, const T6 *, const T6 *)"
0.0,779329,67,11631.8,5696.0,5440,18848,6391.7,CUDA_KERNEL,"void <unnamed>::softmax_warp_forward<c10::Half, float, float, (int)7, (bool)0, (bool)0, (int)32>(T2 *, const T1 *, int, int, int, const bool *, int, bool)"
0.0,706112,144,4903.6,4864.0,4800,5568,116.7,CUDA_KERNEL,"void at::native::<unnamed>::CatArrayBatchedCopy<at::native::<unnamed>::OpaqueType<(unsigned int)4>, unsigned int, (int)3, (int)64, (int)64>(T1 *, at::native::<unnamed>::CatArrInputTensorMetadata<T1, T2, T4, T5>, at::native::<unnamed>::TensorSizeStride<T2, (unsigned int)4>, int, T2)"
0.0,662977,144,4604.0,3968.0,3584,38144,3204.9,CUDA_KERNEL,"void at::native::elementwise_kernel<(int)128, (int)4, void at::native::gpu_kernel_impl_nocast<at::native::<unnamed>::where_kernel_impl(at::TensorIterator &)::[lambda() (instance 1)]::operator ()() const::[lambda() (instance 2)]::operator ()() const::[lambda(bool, unsigned short, unsigned short) (instance 1)]>(at::TensorIteratorBase &, const T1 &)::[lambda(int) (instance 1)]>(int, T3)"
0.0,609216,144,4230.7,3968.0,3456,16832,1271.9,CUDA_KERNEL,"void at::native::elementwise_kernel<(int)128, (int)4, void at::native::gpu_kernel_impl_nocast<at::native::<unnamed>::CompareFunctor<long>>(at::TensorIteratorBase &, const T1 &)::[lambda(int) (instance 1)]>(int, T3)"
0.0,542756,14,38768.3,19440.0,6016,73793,31632.7,CUDA_KERNEL,"void at::native::elementwise_kernel<(int)128, (int)2, void at::native::gpu_kernel_impl_nocast<at::native::BinaryFunctor<float, float, float, at::native::binary_internal::DivFunctor<float>>>(at::TensorIteratorBase &, const T1 &)::[lambda(int) (instance 1)]>(int, T3)"
0.0,471586,116,4065.4,4032.0,3200,7073,710.3,CUDA_KERNEL,"void at::native::elementwise_kernel<(int)128, (int)2, void at::native::gpu_kernel_impl_nocast<at::native::CUDAFunctorOnSelf_add<float>>(at::TensorIteratorBase &, const T1 &)::[lambda(int) (instance 1)]>(int, T3)"
0.0,458305,144,3182.7,3104.0,2944,3968,191.7,CUDA_KERNEL,"void at::native::vectorized_elementwise_kernel<(int)4, at::native::cos_kernel_cuda(at::TensorIteratorBase &)::[lambda() (instance 2)]::operator ()() const::[lambda() (instance 2)]::operator ()() const::[lambda(float) (instance 1)], std::array<char *, (unsigned long)2>>(int, T2, T3)"
0.0,452354,12,37696.2,37696.5,36992,38112,288.8,CUDA_KERNEL,void cutlass::Kernel2<cutlass_80_tensorop_f16_s16816gemm_relu_f16_128x256_32x3_tn_align8>(T1::Params)
0.0,443808,144,3082.0,3024.0,2848,3776,198.2,CUDA_KERNEL,"void at::native::vectorized_elementwise_kernel<(int)4, at::native::sin_kernel_cuda(at::TensorIteratorBase &)::[lambda() (instance 2)]::operator ()() const::[lambda() (instance 2)]::operator ()() const::[lambda(float) (instance 1)], std::array<char *, (unsigned long)2>>(int, T2, T3)"
0.0,402752,144,2796.9,2848.0,1888,3328,184.4,CUDA_KERNEL,_bmm_outer_product_kernel
0.0,389281,42,9268.6,9040.0,7680,12064,1585.7,CUDA_KERNEL,void cutlass::Kernel2<cutlass_75_wmma_tensorop_f16_s161616gemm_f16_32x32_64x1_nn_align1>(T1::Params)
0.0,383040,14,27360.0,11008.0,7520,56992,21836.2,CUDA_KERNEL,"void at::native::reduce_kernel<(int)128, (int)4, at::native::ReduceOp<long, at::native::func_wrapper_t<long, at::native::sum_functor<long, long, long>::operator ()(at::TensorIterator &)::[lambda(long, long) (instance 1)]>, unsigned int, long, (int)4, (int)4>>(T3)"
0.0,381280,16,23830.0,23776.0,23616,24224,202.3,CUDA_KERNEL,void cutlass::Kernel2<cutlass_80_wmma_tensorop_f16_s161616gemm_f16_32x32_32x1_nt_align2>(T1::Params)
0.0,306304,189,1620.7,1536.0,1408,2784,269.5,CUDA_KERNEL,"void at::native::vectorized_elementwise_kernel<(int)4, at::native::FillFunctor<bool>, std::array<char *, (unsigned long)1>>(int, T2, T3)"
0.0,288452,82,3517.7,3504.0,2784,3968,250.3,CUDA_KERNEL,"void at::native::vectorized_elementwise_kernel<(int)2, at::native::BUnaryFunctor<long, long, long, at::native::remainder_kernel_cuda(at::TensorIteratorBase &)::[lambda() (instance 1)]::operator ()() const::[lambda() (instance 4)]::operator ()() const::[lambda(long, long) (instance 1)]>, std::array<char *, (unsigned long)2>>(int, T2, T3)"
0.0,286336,132,2169.2,2208.0,1792,2432,147.9,CUDA_KERNEL,"void at::native::vectorized_elementwise_kernel<(int)4, at::native::<unnamed>::CompareFunctor<float>, std::array<char *, (unsigned long)3>>(int, T2, T3)"
0.0,285792,16,17862.0,17984.0,17056,18176,313.6,CUDA_KERNEL,"void <unnamed>::softmax_warp_backward<float, c10::Half, float, (int)7, (bool)0, (bool)0, (int)32>(T2 *, const T1 *, const T1 *, int, int, int, const bool *)"
0.0,265280,42,6316.2,4768.0,3424,11136,2889.7,CUDA_KERNEL,"void at::native::elementwise_kernel<(int)128, (int)2, void at::native::gpu_kernel_impl_nocast<at::native::direct_copy_kernel_cuda(at::TensorIteratorBase &)::[lambda() (instance 3)]::operator ()() const::[lambda() (instance 3)]::operator ()() const::[lambda(int) (instance 1)]>(at::TensorIteratorBase &, const T1 &)::[lambda(int) (instance 1)]>(int, T3)"
0.0,250944,16,15684.0,15648.0,15360,16032,194.8,CUDA_KERNEL,void cutlass::Kernel2<cutlass_80_tensorop_f16_s16816gemm_f16_128x64_64x3_nt_align2>(T1::Params)
0.0,157920,32,4935.0,4928.0,4512,5216,161.9,CUDA_KERNEL,"void at::native::<unnamed>::write_indices<long>(long *, at::native::<unnamed>::TensorDims<T1>, int, T1, long *, long)"
0.0,156672,40,3916.8,3904.0,3808,4224,87.8,CUDA_KERNEL,"void dot_kernel<float, (int)128, (int)0, cublasDotParams<cublasGemvTensorStridedBatched<const float>, cublasGemvTensorStridedBatched<float>>>(T4)"
0.0,154561,42,3680.0,3568.0,3264,4384,384.6,CUDA_KERNEL,"void at::native::unrolled_elementwise_kernel<at::native::direct_copy_kernel_cuda(at::TensorIteratorBase &)::[lambda() (instance 3)]::operator ()() const::[lambda() (instance 1)]::operator ()() const::[lambda(unsigned char) (instance 1)], std::array<char *, (unsigned long)2>, (int)4, TrivialOffsetCalculator<(int)1, unsigned int>, TrivialOffsetCalculator<(int)1, unsigned int>, at::native::memory::LoadWithCast<(int)1>, at::native::memory::StoreWithCast<(int)1>>(int, T1, T2, T4, T5, T6, T7)"
0.0,153440,16,9590.0,9344.0,8448,11232,835.2,CUDA_KERNEL,"void at_cuda_detail::cub::detail::radix_sort::DeviceRadixSortOnesweepKernel<at_cuda_detail::cub::detail::radix::policy_hub<long, at::cuda::cub::detail::OpaqueType<(int)8>, unsigned long long>::Policy1000, (at_cuda_detail::cub::SortOrder)0, long, at::cuda::cub::detail::OpaqueType<(int)8>, unsigned long long, int, int, at_cuda_detail::cub::detail::identity_decomposer_t>(T7 *, T7 *, T5 *, const T5 *, T3 *, const T3 *, T4 *, const T4 *, T6, int, int, T8)"
0.0,147776,2,73888.0,73888.0,73504,74272,543.1,CUDA_KERNEL,"void batched_svd_parallel_jacobi_32x16<double, double>(int, int, int, int, T1 *, unsigned long, int, T2 *, T1 *, unsigned long, int, T1 *, unsigned long, int, T2, int, int *, T2, int, int *, int, T2)"
0.0,137568,70,1965.3,1888.0,1792,2944,227.9,CUDA_KERNEL,"void at::native::vectorized_elementwise_kernel<(int)4, at::native::FillFunctor<unsigned char>, std::array<char *, (unsigned long)1>>(int, T2, T3)"
0.0,128704,2,64352.0,64352.0,64000,64704,497.8,CUDA_KERNEL,"void batched_svd_parallel_jacobi_32x16<float, float>(int, int, int, int, T1 *, unsigned long, int, T2 *, T1 *, unsigned long, int, T1 *, unsigned long, int, T2, int, int *, T2, int, int *, int, T2)"
0.0,126082,76,1659.0,1536.0,1440,2912,353.1,CUDA_KERNEL,"void at::native::unrolled_elementwise_kernel<at::native::AUnaryFunctor<long, long, long, at::native::BitwiseAndFunctor<long>>, std::array<char *, (unsigned long)2>, (int)4, TrivialOffsetCalculator<(int)1, unsigned int>, TrivialOffsetCalculator<(int)1, unsigned int>, at::native::memory::LoadWithoutCast, at::native::memory::StoreWithoutCast>(int, T1, T2, T4, T5, T6, T7)"
0.0,117024,42,2786.3,2688.0,2400,3360,276.2,CUDA_KERNEL,"void at::native::vectorized_elementwise_kernel<(int)4, at::native::AUnaryFunctor<unsigned char, unsigned char, bool, at::native::<unnamed>::CompareEqFunctor<unsigned char>>, std::array<char *, (unsigned long)2>>(int, T2, T3)"
0.0,116384,32,3637.0,3616.0,3296,4000,193.1,CUDA_KERNEL,"void at::native::_assert_async_cuda_kernel<bool>(const T1 *, at::native::Msg)"
0.0,111360,24,4640.0,4688.0,2880,5920,892.5,CUDA_KERNEL,"void at::native::<unnamed>::CatArrayBatchedCopy_vectorized<at::native::<unnamed>::OpaqueType<(unsigned int)2>, unsigned int, (int)1, (int)128, (int)1, (int)16, (int)8>(char *, at::native::<unnamed>::CatArrInputTensorMetadata<T1, T2, T4, T5>, at::native::<unnamed>::TensorSizeStride<T2, (unsigned int)4>, int, T2)"
0.0,111008,40,2775.2,2816.0,2688,2816,51.2,CUDA_KERNEL,"void reduce_1Block_kernel<float, (int)128, (int)7, cublasGemvTensorStridedBatched<float>, cublasGemvTensorStridedBatched<const float>, cublasGemvTensorStridedBatched<float>>(const T1 *, T1, T4, int, const T1 *, T1, T5, T6, cublasPointerMode_t, cublasLtEpilogue_t, cublasGemvTensorStridedBatched<const biasType<T6::value_type, T1>::type>)"
0.0,105889,28,3781.8,3808.0,3552,3904,81.3,CUDA_KERNEL,"void at::native::vectorized_elementwise_kernel<(int)2, at::native::BUnaryFunctor<long, long, long, at::native::binary_internal::div_floor_kernel_cuda(at::TensorIteratorBase &)::[lambda() (instance 1)]::operator ()() const::[lambda() (instance 4)]::operator ()() const::[lambda(long, long) (instance 1)]>, std::array<char *, (unsigned long)2>>(int, T2, T3)"
0.0,103712,14,7408.0,7408.0,6464,8320,914.0,CUDA_KERNEL,void cutlass::Kernel2<cutlass_80_wmma_tensorop_f16_s161616gemm_f16_32x32_128x1_nn_align2>(T1::Params)
0.0,102561,28,3662.9,3328.0,3168,5248,737.1,CUDA_KERNEL,"void at::native::elementwise_kernel<(int)128, (int)2, void at::native::gpu_kernel_impl_nocast<at::native::AbsFunctor<float>>(at::TensorIteratorBase &, const T1 &)::[lambda(int) (instance 1)]>(int, T3)"
0.0,96832,16,6052.0,5408.0,4000,10848,1940.6,CUDA_KERNEL,"void gemmSN_NN_kernel<float, (int)256, (int)4, (int)2, (int)8, (int)4, (int)4, (bool)0, cublasGemvTensorBatched<const float>, cublasGemvTensorBatched<const float>, cublasGemvTensorBatched<float>>(cublasGemmSmallNParams<T9, T10, T11, T1>)"
0.0,84641,14,6045.8,6048.0,5280,6816,724.7,CUDA_KERNEL,void cutlass::Kernel2<cutlass_80_wmma_tensorop_f16_s161616gemm_f16_32x32_128x1_nn_align8>(T1::Params)
0.0,79713,42,1897.9,1856.5,1632,2528,208.9,CUDA_KERNEL,"void at::native::vectorized_elementwise_kernel<(int)4, at::native::BinaryFunctor<float, float, float, at::native::maximum_kernel_cuda(at::TensorIteratorBase &)::[lambda() (instance 2)]::operator ()() const::[lambda() (instance 2)]::operator ()() const::[lambda(float, float) (instance 1)]>, std::array<char *, (unsigned long)3>>(int, T2, T3)"
0.0,79424,14,5673.1,5664.0,5024,6336,641.2,CUDA_KERNEL,ampere_fp16_s16816gemm_fp16_128x64_ldg8_f2f_stages_32x6_tn
0.0,76480,16,4780.0,4816.0,4352,5120,207.0,CUDA_KERNEL,"void at::native::unrolled_elementwise_kernel<at::native::AUnaryFunctor<long, long, bool, at::native::<unnamed>::CompareEqFunctor<long>>, std::array<char *, (unsigned long)2>, (int)4, TrivialOffsetCalculator<(int)1, unsigned int>, TrivialOffsetCalculator<(int)1, unsigned int>, at::native::memory::LoadWithCast<(int)1>, at::native::memory::StoreWithCast<(int)1>>(int, T1, T2, T4, T5, T6, T7)"
0.0,74209,14,5300.6,3680.5,2528,8384,2676.5,CUDA_KERNEL,"void at::native::vectorized_elementwise_kernel<(int)4, at::native::AUnaryFunctor<unsigned char, unsigned char, unsigned char, at::native::binary_internal::MulFunctor<unsigned char>>, std::array<char *, (unsigned long)2>>(int, T2, T3)"
0.0,73984,46,1608.3,1568.0,1280,2048,206.9,CUDA_KERNEL,"xxtrf4_set_info_ker(int, int *)"
0.0,72128,16,4508.0,4624.0,3840,4800,277.2,CUDA_KERNEL,"void at::native::<unnamed>::nll_loss_backward_no_reduce_cuda_kernel<float, long>(int, const T2 *, torch::headeronly::detail::GenericPackedTensorAccessor<torch::headeronly::detail::TensorAccessor<c10::ArrayRef<long>, const T1, (unsigned long)0, torch::headeronly::DefaultPtrTraits, long>, at::detail::IndexBoundsCheck<(unsigned long)1, long>, const T1, (unsigned long)1, torch::headeronly::DefaultPtrTraits, long>, torch::headeronly::detail::GenericPackedTensorAccessor<torch::headeronly::detail::TensorAccessor<c10::ArrayRef<long>, T1, (unsigned long)1, torch::headeronly::DefaultPtrTraits, long>, at::detail::IndexBoundsCheck<(unsigned long)2, long>, T1, (unsigned long)2, torch::headeronly::DefaultPtrTraits, long>, const T1 *, long, long)"
0.0,69792,16,4362.0,4368.0,3744,4800,290.6,CUDA_KERNEL,"void at::native::<unnamed>::nll_loss_forward_no_reduce_cuda_kernel<float, long>(long, torch::headeronly::detail::GenericPackedTensorAccessor<torch::headeronly::detail::TensorAccessor<c10::ArrayRef<long>, T1, (unsigned long)1, torch::headeronly::DefaultPtrTraits, long>, at::detail::IndexBoundsCheck<(unsigned long)2, long>, T1, (unsigned long)2, torch::headeronly::DefaultPtrTraits, long>, const T2 *, T1 *, const T1 *, long, long)"
0.0,67072,28,2395.4,2400.0,2304,2528,47.5,CUDA_KERNEL,"void at::native::vectorized_elementwise_kernel<(int)2, at::native::CUDAFunctorOnOther_add<long>, std::array<char *, (unsigned long)2>>(int, T2, T3)"
0.0,58592,26,2253.5,2240.0,1920,2944,236.1,CUDA_KERNEL,"void at::native::unrolled_elementwise_kernel<at::native::direct_copy_kernel_cuda(at::TensorIteratorBase &)::[lambda() (instance 3)]::operator ()() const::[lambda() (instance 11)]::operator ()() const::[lambda(bool) (instance 1)], std::array<char *, (unsigned long)2>, (int)4, TrivialOffsetCalculator<(int)1, unsigned int>, TrivialOffsetCalculator<(int)1, unsigned int>, at::native::memory::LoadWithCast<(int)1>, at::native::memory::StoreWithCast<(int)1>>(int, T1, T2, T4, T5, T6, T7)"
0.0,52704,8,6588.0,6624.0,5664,7424,595.8,CUDA_KERNEL,"void at_cuda_detail::cub::detail::radix_sort::DeviceRadixSortSingleTileKernel<at_cuda_detail::cub::detail::radix::policy_hub<long, at::cuda::cub::detail::OpaqueType<(int)8>, unsigned long long>::Policy1000, (at_cuda_detail::cub::SortOrder)0, long, at::cuda::cub::detail::OpaqueType<(int)8>, unsigned long long, at_cuda_detail::cub::detail::identity_decomposer_t>(const T3 *, T3 *, const T4 *, T4 *, T5, int, int, T6)"
0.0,50752,16,3172.0,3216.0,2816,3520,184.7,CUDA_KERNEL,"void at::native::vectorized_elementwise_kernel<(int)2, at::native::BUnaryFunctor<long, long, long, at::native::binary_internal::div_trunc_kernel_cuda(at::TensorIteratorBase &)::[lambda() (instance 1)]::operator ()() const::[lambda() (instance 4)]::operator ()() const::[lambda(long, long) (instance 1)]>, std::array<char *, (unsigned long)2>>(int, T2, T3)"
0.0,45184,2,22592.0,22592.0,20416,24768,3077.3,CUDA_KERNEL,"void kernel<getrf_wo_pivot_params_<double, (int)0, (int)256, (int)1, (int)64, (int)64, (int)68, (int)16, (int)1, (int)1>>(int, int, void *, int, void *, int, int, int, int, int, int *)"
0.0,42208,14,3014.9,2832.0,2560,3584,412.9,CUDA_KERNEL,"void at::native::vectorized_elementwise_kernel<(int)4, at::native::BinaryFunctor<unsigned char, unsigned char, bool, at::native::<unnamed>::CompareEqFunctor<unsigned char>>, std::array<char *, (unsigned long)3>>(int, T2, T3)"
0.0,38242,19,2012.7,2048.0,1760,2304,143.8,CUDA_KERNEL,"void at::native::unrolled_elementwise_kernel<at::native::<unnamed>::CompareFunctor<c10::Half>, std::array<char *, (unsigned long)3>, (int)4, TrivialOffsetCalculator<(int)2, unsigned int>, TrivialOffsetCalculator<(int)1, unsigned int>, at::native::memory::LoadWithoutCast, at::native::memory::StoreWithoutCast>(int, T1, T2, T4, T5, T6, T7)"
0.0,36992,28,1321.1,1312.0,1216,1696,90.9,CUDA_KERNEL,"copy_info_kernel(int, int *)"
0.0,35968,7,5138.3,5152.0,5088,5184,31.2,CUDA_KERNEL,void cutlass::Kernel2<cutlass_75_wmma_tensorop_f16_s161616gemm_f16_32x32_32x1_nn_align1>(T1::Params)
0.0,34752,12,2896.0,2912.0,2688,3168,168.5,CUDA_KERNEL,"void at::native::<unnamed>::CatArrayBatchedCopy_alignedK_contig<at::native::<unnamed>::OpaqueType<(unsigned int)4>, unsigned int, (int)1, (int)128, (int)1, (int)16>(T1 *, at::native::<unnamed>::CatArrInputTensorMetadata<T1, T2, T4, T5>, at::native::<unnamed>::TensorSizeStride<T2, (unsigned int)4>, int, T2)"
0.0,32864,16,2054.0,2064.0,1824,2208,104.7,CUDA_KERNEL,"void at::native::vectorized_elementwise_kernel<(int)4, at::native::BinaryFunctor<bool, bool, bool, at::native::BitwiseAndFunctor<bool>>, std::array<char *, (unsigned long)3>>(int, T2, T3)"
0.0,32448,14,2317.7,2176.0,1856,2880,344.1,CUDA_KERNEL,"void at::native::vectorized_elementwise_kernel<(int)4, at::native::sqrt_kernel_cuda(at::TensorIteratorBase &)::[lambda() (instance 2)]::operator ()() const::[lambda() (instance 2)]::operator ()() const::[lambda(float) (instance 1)], std::array<char *, (unsigned long)2>>(int, T2, T3)"
0.0,31360,8,3920.0,3664.0,3200,5088,664.9,CUDA_KERNEL,"void at_cuda_detail::cub::detail::reduce::DeviceReduceKernel<at_cuda_detail::cub::detail::reduce::policy_hub<int, unsigned long long, cuda::std::__4::plus<void>>::Policy1000, thrust::_V_300200_SM_750_800_860_900_1000_1200::transform_iterator<at::native::<unnamed>::NonZeroOp<bool>, const bool *, thrust::_V_300200_SM_750_800_860_900_1000_1200::use_default, thrust::_V_300200_SM_750_800_860_900_1000_1200::use_default>, unsigned long long, cuda::std::__4::plus<void>, int, cuda::std::__4::identity>(T2, T5 *, T3, at_cuda_detail::cub::GridEvenShare<T3>, T4, T6)"
0.0,29600,6,4933.3,5104.0,4096,5184,417.4,CUDA_KERNEL,"void at::native::reduce_kernel<(int)512, (int)1, at::native::ReduceOp<float, at::native::ArgMinOps<float>, unsigned int, long, (int)4, (int)4>>(T3)"
0.0,29024,8,3628.0,3600.0,3488,3744,88.8,CUDA_KERNEL,"void at_cuda_detail::cub::detail::radix_sort::DeviceRadixSortHistogramKernel<at_cuda_detail::cub::detail::radix::policy_hub<long, at::cuda::cub::detail::OpaqueType<(int)8>, unsigned long long>::Policy1000, (at_cuda_detail::cub::SortOrder)0, long, unsigned long long, at_cuda_detail::cub::detail::identity_decomposer_t>(T4 *, const T3 *, T4, int, int, T5)"
0.0,27232,2,13616.0,13616.0,13568,13664,67.9,CUDA_KERNEL,"void steqr_ker<stedc_params_<double2, double, (int)8, (int)16, (int)128>, double, (int)0>(long, T1::data_type *, T1::data_type *, T2 *, long, int *, int *, long, long, T1::data_type, T1::data_type, int *, int)"
0.0,26144,14,1867.4,1856.0,1760,2048,113.4,CUDA_KERNEL,"void at::native::vectorized_elementwise_kernel<(int)4, at::native::<unnamed>::launch_clamp_scalar(at::TensorIteratorBase &, c10::Scalar, c10::Scalar, at::native::detail::ClampLimits)::[lambda() (instance 1)]::operator ()() const::[lambda() (instance 7)]::operator ()() const::[lambda(float) (instance 1)], std::array<char *, (unsigned long)2>>(int, T2, T3)"
0.0,25952,7,3707.4,3712.0,3680,3712,12.1,CUDA_KERNEL,"void <unnamed>::softmax_warp_forward<c10::Half, float, float, (int)6, (bool)0, (bool)0, (int)32>(T2 *, const T1 *, int, int, int, const bool *, int, bool)"
0.0,22592,5,4518.4,4480.0,4416,4768,142.0,CUDA_KERNEL,"void at::native::<unnamed>::CatArrayBatchedCopy_alignedK_contig<at::native::<unnamed>::OpaqueType<(unsigned int)8>, unsigned int, (int)2, (int)128, (int)1, (int)16>(T1 *, at::native::<unnamed>::CatArrInputTensorMetadata<T1, T2, T4, T5>, at::native::<unnamed>::TensorSizeStride<T2, (unsigned int)4>, int, T2)"
0.0,21728,2,10864.0,10864.0,10560,11168,429.9,CUDA_KERNEL,"void geqr2_smem<double, double, (int)8, (int)5, (int)5>(int, int, T1 *, unsigned long, T1 *, int)"
0.0,20640,6,3440.0,3424.0,3360,3520,66.4,CUDA_KERNEL,"void at::native::<unnamed>::CatArrayBatchedCopy_contig<at::native::<unnamed>::OpaqueType<(unsigned int)1>, unsigned int, (int)1, (int)128, (int)1>(T1 *, at::native::<unnamed>::CatArrInputTensorMetadata<T1, T2, T4, T5>, at::native::<unnamed>::TensorSizeStride<T2, (unsigned int)4>, int, T2)"
0.0,19328,8,2416.0,2352.0,2080,2720,221.0,CUDA_KERNEL,"void at_cuda_detail::cub::detail::reduce::DeviceReduceSingleTileKernel<at_cuda_detail::cub::detail::reduce::policy_hub<int, unsigned long long, cuda::std::__4::plus<void>>::Policy1000, int *, int *, int, cuda::std::__4::plus<void>, int, int, cuda::std::__4::identity>(T2, T3, T4, T5, T6, T8)"
0.0,19008,8,2376.0,2352.0,2208,2528,110.5,CUDA_KERNEL,"void at_cuda_detail::cub::detail::radix_sort::DeviceRadixSortExclusiveSumKernel<at_cuda_detail::cub::detail::radix::policy_hub<long, at::cuda::cub::detail::OpaqueType<(int)8>, unsigned long long>::Policy1000, unsigned long long>(T2 *)"
0.0,18528,2,9264.0,9264.0,8096,10432,1651.8,CUDA_KERNEL,"void steqr_ker<stedc_params_<float2, float, (int)8, (int)16, (int)128>, float, (int)0>(long, T1::data_type *, T1::data_type *, T2 *, long, int *, int *, long, long, T1::data_type, T1::data_type, int *, int)"
0.0,17952,6,2992.0,2992.0,2944,3040,44.1,CUDA_KERNEL,"void at::native::unrolled_elementwise_kernel<at::native::BUnaryFunctor<long, long, long, at::native::remainder_kernel_cuda(at::TensorIteratorBase &)::[lambda() (instance 1)]::operator ()() const::[lambda() (instance 4)]::operator ()() const::[lambda(long, long) (instance 1)]>, std::array<char *, (unsigned long)2>, (int)4, TrivialOffsetCalculator<(int)1, unsigned int>, TrivialOffsetCalculator<(int)1, unsigned int>, at::native::memory::LoadWithoutCast, at::native::memory::StoreWithoutCast>(int, T1, T2, T4, T5, T6, T7)"
0.0,17792,2,8896.0,8896.0,8864,8928,45.3,CUDA_KERNEL,"void geqr2_smem<float, float, (int)8, (int)5, (int)5>(int, int, T1 *, unsigned long, T1 *, int)"
0.0,17536,4,4384.0,4384.0,4384,4384,0.0,CUDA_KERNEL,void svd_music_kernel<(int)32>(int *)
0.0,16544,2,8272.0,8272.0,8256,8288,22.6,CUDA_KERNEL,"void batched_svd_qr_32x16<double, double>(int, int, int, T1 *, unsigned long, int, T1 *, unsigned long, int)"
0.0,15968,6,2661.3,2656.0,2528,2848,104.0,CUDA_KERNEL,"void at::native::<unnamed>::distribution_elementwise_grid_stride_kernel<double, (int)2, void at::native::templates::cuda::normal_and_transform<double, double, at::CUDAGeneratorImpl *, void at::native::templates::cuda::normal_kernel<at::CUDAGeneratorImpl *>(const at::TensorBase &, double, double, T1)::[lambda() (instance 1)]::operator ()() const::[lambda() (instance 1)]::operator ()() const::[lambda(double) (instance 1)]>(at::TensorIteratorBase &, T3, T4)::[lambda(curandStatePhilox4_32_10 *) (instance 1)], void at::native::<unnamed>::distribution_nullary_kernel<double, double, double2, at::CUDAGeneratorImpl *, void at::native::templates::cuda::normal_and_transform<double, double, at::CUDAGeneratorImpl *, void at::native::templates::cuda::normal_kernel<at::CUDAGeneratorImpl *>(const at::TensorBase &, double, double, T1)::[lambda() (instance 1)]::operator ()() const::[lambda() (instance 1)]::operator ()() const::[lambda(double) (instance 1)]>(at::TensorIteratorBase &, T3, T4)::[lambda(curandStatePhilox4_32_10 *) (instance 1)], void at::native::templates::cuda::normal_kernel<at::CUDAGeneratorImpl *>(const at::TensorBase &, double, double, T1)::[lambda() (instance 1)]::operator ()() const::[lambda() (instance 1)]::operator ()() const::[lambda(double) (instance 1)]>(at::TensorIteratorBase &, T4, const T5 &, T6)::[lambda(int, double) (instance 1)]>(long, at::PhiloxCudaState, T3, T4)"
0.0,15296,2,7648.0,7648.0,7488,7808,226.3,CUDA_KERNEL,"void batched_svd_qr_32x16<float, float>(int, int, int, T1 *, unsigned long, int, T1 *, unsigned long, int)"
0.0,15072,8,1884.0,1888.0,1856,1888,11.3,CUDA_KERNEL,"void at::native::elementwise_kernel<(int)128, (int)2, void at::native::gpu_kernel_impl_nocast<at::native::direct_copy_kernel_cuda(at::TensorIteratorBase &)::[lambda() (instance 3)]::operator ()() const::[lambda() (instance 6)]::operator ()() const::[lambda(double) (instance 1)]>(at::TensorIteratorBase &, const T1 &)::[lambda(int) (instance 1)]>(int, T3)"
0.0,13984,6,2330.7,2336.0,2240,2432,68.4,CUDA_KERNEL,"void at::native::<unnamed>::distribution_elementwise_grid_stride_kernel<float, (int)4, void at::native::templates::cuda::normal_and_transform<float, float, at::CUDAGeneratorImpl *, void at::native::templates::cuda::normal_kernel<at::CUDAGeneratorImpl *>(const at::TensorBase &, double, double, T1)::[lambda() (instance 1)]::operator ()() const::[lambda() (instance 2)]::operator ()() const::[lambda(float) (instance 1)]>(at::TensorIteratorBase &, T3, T4)::[lambda(curandStatePhilox4_32_10 *) (instance 2)], void at::native::<unnamed>::distribution_nullary_kernel<float, float, float4, at::CUDAGeneratorImpl *, void at::native::templates::cuda::normal_and_transform<float, float, at::CUDAGeneratorImpl *, void at::native::templates::cuda::normal_kernel<at::CUDAGeneratorImpl *>(const at::TensorBase &, double, double, T1)::[lambda() (instance 1)]::operator ()() const::[lambda() (instance 2)]::operator ()() const::[lambda(float) (instance 1)]>(at::TensorIteratorBase &, T3, T4)::[lambda(curandStatePhilox4_32_10 *) (instance 2)], void at::native::templates::cuda::normal_kernel<at::CUDAGeneratorImpl *>(const at::TensorBase &, double, double, T1)::[lambda() (instance 1)]::operator ()() const::[lambda() (instance 2)]::operator ()() const::[lambda(float) (instance 1)]>(at::TensorIteratorBase &, T4, const T5 &, T6)::[lambda(int, float) (instance 1)]>(long, at::PhiloxCudaState, T3, T4)"
0.0,12928,4,3232.0,3232.0,3168,3296,73.9,CUDA_KERNEL,void cutlass::Kernel2<cutlass_80_tensorop_d884gemm_32x32_16x5_nn_align1>(T1::Params)
0.0,10976,2,5488.0,5488.0,5472,5504,22.6,CUDA_KERNEL,"void sytrd4_cta<sytrd_params<double, (int)16, (int)32, (int)32, (int)32, (int)0, (int)1, (int)2>, (int)1>(int, T1::data_type *, int, int, T1::pod_type *, int, T1::pod_type *, int, T1::data_type *, int, int)"
0.0,10528,4,2632.0,2640.0,2560,2688,66.0,CUDA_KERNEL,"void gemmSN_TN_kernel<double, (int)128, (int)16, (int)2, (int)4, (int)4, (int)4, (bool)1, cublasGemvTensorStridedBatched<const double>, cublasGemvTensorStridedBatched<const double>, cublasGemvTensorStridedBatched<double>>(cublasGemmSmallNParams<T9, T10, T11, T1>)"
0.0,9536,2,4768.0,4768.0,4736,4800,45.3,CUDA_KERNEL,"void sytrd4_cta<sytrd_params<float, (int)16, (int)32, (int)32, (int)32, (int)0, (int)1, (int)2>, (int)1>(int, T1::data_type *, int, int, T1::pod_type *, int, T1::pod_type *, int, T1::data_type *, int, int)"
0.0,6208,4,1552.0,1552.0,1536,1568,18.5,CUDA_KERNEL,"void lacpy_kernel<double, double, (int)5, (int)3>(long, long, const T1 *, long, long, T2 *, long, long, int, int)"
0.0,6208,4,1552.0,1536.0,1504,1632,55.4,CUDA_KERNEL,"void lacpy_kernel<float, float, (int)5, (int)3>(long, long, const T1 *, long, long, T2 *, long, long, int, int)"
0.0,5856,2,2928.0,2928.0,2752,3104,248.9,CUDA_KERNEL,"void at::native::triu_tril_kernel<float, int, (bool)1, (int)2, (bool)0>(at::cuda::detail::TensorInfo<T1, T2>, at::cuda::detail::TensorInfo<const T1, T2>, long, long, T2)"
0.0,5632,2,2816.0,2816.0,2688,2944,181.0,CUDA_KERNEL,"void lansy_M_stage1<float, float, (int)8>(long, const T1 *, long, long, T2 *, long, int)"
0.0,5536,2,2768.0,2768.0,2752,2784,22.6,CUDA_KERNEL,"void lansy_M_stage1<double, double, (int)8>(long, const T1 *, long, long, T2 *, long, int)"
0.0,5376,2,2688.0,2688.0,2560,2816,181.0,CUDA_KERNEL,"void larft_vtv_32<double, (int)128>(long, long, const T1 *, long, long, T1 *, long, long)"
0.0,5344,2,2672.0,2672.0,2592,2752,113.1,CUDA_KERNEL,"void at::native::triu_tril_kernel<double, int, (bool)1, (int)1, (bool)0>(at::cuda::detail::TensorInfo<T1, T2>, at::cuda::detail::TensorInfo<const T1, T2>, long, long, T2)"
0.0,5152,4,1288.0,1264.0,1248,1376,60.6,CUDA_KERNEL,"xx_set_info_ker(int, int *, int)"
0.0,5088,2,2544.0,2544.0,2528,2560,22.6,CUDA_KERNEL,"void larft_vtv_32<float, (int)128>(long, long, const T1 *, long, long, T1 *, long, long)"
0.0,5088,2,2544.0,2544.0,2496,2592,67.9,CUDA_KERNEL,"void ormqr_cta_kernel<float, (int)4, (int)1>(long, long, long, const T1 *, long, long, const T1 *, long, T1 *, long, long, long, long, long, int)"
0.0,5056,2,2528.0,2528.0,2528,2528,0.0,CUDA_KERNEL,"void ormqr_cta_kernel<double, (int)4, (int)1>(long, long, long, const T1 *, long, long, const T1 *, long, T1 *, long, long, long, long, long, int)"
0.0,4992,2,2496.0,2496.0,2400,2592,135.8,CUDA_KERNEL,"void larft_T_32<float, (int)256>(int, T1 *, int, long, const T1 *, long)"
0.0,4928,2,2464.0,2464.0,2432,2496,45.3,CUDA_KERNEL,"void larft_T_32<double, (int)256>(int, T1 *, int, long, const T1 *, long)"
0.0,4864,2,2432.0,2432.0,2432,2432,0.0,CUDA_KERNEL,"void scale_max<double, (int)32, (int)32, (int)1>(long, long, T1 *, T1 *, T1 *, int *)"
0.0,4800,2,2400.0,2400.0,2400,2400,0.0,CUDA_KERNEL,"void lascl_kernel<double, double, (int)8>(long, long, T1 *, long, long, T2 *, int, int)"
0.0,4800,2,2400.0,2400.0,2400,2400,0.0,CUDA_KERNEL,"void lascl_kernel<float, float, (int)8>(long, long, T1 *, long, long, T2 *, int, int)"
0.0,4608,2,2304.0,2304.0,2208,2400,135.8,CUDA_KERNEL,"void at::native::triu_tril_kernel<double, int, (bool)0, (int)1, (bool)1>(at::cuda::detail::TensorInfo<T1, T2>, at::cuda::detail::TensorInfo<const T1, T2>, long, long, T2)"
0.0,4544,2,2272.0,2272.0,2240,2304,45.3,CUDA_KERNEL,"void scale_max<float, (int)32, (int)32, (int)1>(long, long, T1 *, T1 *, T1 *, int *)"
0.0,4416,2,2208.0,2208.0,2208,2208,0.0,CUDA_KERNEL,"void lansy_M_stage2<double, (int)8>(T1, T1, long, T1 *, long, T1 *, T1 *)"
0.0,4160,2,2080.0,2080.0,2080,2080,0.0,CUDA_KERNEL,"void epilogue<sytrd_params<double, (int)32, (int)8, (int)512, (int)32, (int)16, (int)1, (int)2>, (int)128, (int)1, (int)1>(int, int, T1::data_type *, int, int, T1::pod_type *, int, T1::pod_type *, int, T1::data_type *, int, T1::data_type *, int, int)"
0.0,4160,2,2080.0,2080.0,2048,2112,45.3,CUDA_KERNEL,"void epilogue<sytrd_params<float, (int)32, (int)8, (int)512, (int)32, (int)16, (int)1, (int)2>, (int)128, (int)1, (int)1>(int, int, T1::data_type *, int, int, T1::pod_type *, int, T1::pod_type *, int, T1::data_type *, int, T1::data_type *, int, int)"
0.0,4160,2,2080.0,2080.0,2016,2144,90.5,CUDA_KERNEL,"void lansy_M_stage2<float, (int)8>(T1, T1, long, T1 *, long, T1 *, T1 *)"
0.0,3392,2,1696.0,1696.0,1696,1696,0.0,CUDA_KERNEL,"void at::native::vectorized_elementwise_kernel<(int)2, at::native::CUDAFunctor_add<double>, std::array<char *, (unsigned long)3>>(int, T2, T3)"
0.0,3360,2,1680.0,1680.0,1632,1728,67.9,CUDA_KERNEL,"void at::native::elementwise_kernel<(int)128, (int)2, void at::native::gpu_kernel_impl_nocast<at::native::FillFunctor<float>>(at::TensorIteratorBase &, const T1 &)::[lambda(int) (instance 1)]>(int, T3)"
0.0,3328,2,1664.0,1664.0,1600,1728,90.5,CUDA_KERNEL,"void scale_max<float, (int)32, (int)128, (int)0>(long, long, T1 *, T1 *, T1 *, int *)"
0.0,3264,2,1632.0,1632.0,1632,1632,0.0,CUDA_KERNEL,"void scale_max<double, (int)32, (int)128, (int)0>(long, long, T1 *, T1 *, T1 *, int *)"
0.0,3200,2,1600.0,1600.0,1600,1600,0.0,CUDA_KERNEL,"void at::native::elementwise_kernel<(int)128, (int)2, void at::native::gpu_kernel_impl_nocast<at::native::FillFunctor<double>>(at::TensorIteratorBase &, const T1 &)::[lambda(int) (instance 1)]>(int, T3)"
0.0,3072,2,1536.0,1536.0,1536,1536,0.0,CUDA_KERNEL,"void at::native::vectorized_elementwise_kernel<(int)2, at::native::AUnaryFunctor<double, double, double, at::native::binary_internal::MulFunctor<double>>, std::array<char *, (unsigned long)2>>(int, T2, T3)"
0.0,2976,2,1488.0,1488.0,1440,1536,67.9,CUDA_KERNEL,"void batch_eye_kernel<float, (int)5, (int)3>(long, long, T1 *, unsigned long, long long, int)"
0.0,2880,2,1440.0,1440.0,1440,1440,0.0,CUDA_KERNEL,"void batch_eye_kernel<double, (int)5, (int)3>(long, long, T1 *, unsigned long, long long, int)"
0.0,2880,2,1440.0,1440.0,1408,1472,45.3,CUDA_KERNEL,"void cuds_scal_batch_kernel<float, (int)256>(int, const T1 *, T1 *, long long)"
0.0,2816,2,1408.0,1408.0,1408,1408,0.0,CUDA_KERNEL,"void cuds_scal_batch_kernel<double, (int)256>(int, const T1 *, T1 *, long long)"
0.0,2688,2,1344.0,1344.0,1344,1344,0.0,CUDA_KERNEL,"void at::native::vectorized_elementwise_kernel<(int)2, at::native::FillFunctor<double>, std::array<char *, (unsigned long)1>>(int, T2, T3)"
0.0,2656,2,1328.0,1328.0,1280,1376,67.9,CUDA_KERNEL,"void orgqr_step1_kernel<float, (int)5, (int)3>(int, int, int, T1 *, int)"
0.0,2560,2,1280.0,1280.0,1280,1280,0.0,CUDA_KERNEL,"void orgqr_step1_kernel<double, (int)5, (int)3>(int, int, int, T1 *, int)"
